link,code,company,status,plane,origin,depDate,depTime,sDepTime,depTerm,depGate,destin,arrDate,arrTime,sArrTime,arrTerm,arrGate
https://www.barcelona-airport.com/eng/flight-arrival/LH1132,LH1132,Lufthansa,Landed - On-time,Airbus A320 (sharklets),Frankfurt (FRA),2019-11-11,16:15,16:05,1,A25,Barcelona (BCN),2019-11-11,18:05,18:05,1-T1,-
https://www.barcelona-airport.com/eng/flight-arrival/EY4174,EY4174,Etihad Airways,Landed - On-time,Airbus A320 (sharklets),Frankfurt (FRA),2019-11-11,16:15,16:05,1,A25,Barcelona (BCN),2019-11-11,18:05,18:05,1-T1,-
https://www.barcelona-airport.com/eng/flight-arrival/SK3384,SK3384,SAS,Landed - On-time,Airbus A320 (sharklets),Frankfurt (FRA),2019-11-11,16:15,16:05,1,A25,Barcelona (BCN),2019-11-11,18:05,18:05,1-T1,-
https://www.barcelona-airport.com/eng/flight-arrival/UA9515,UA9515,United Airlines,Landed - On-time,Airbus A320 (sharklets),Frankfurt (FRA),2019-11-11,16:15,16:05,1,A25,Barcelona (BCN),2019-11-11,18:05,18:05,1-T1,-
https://www.barcelona-airport.com/eng/flight-arrival/VY6515,VY6515,Vueling,Landed - On-time,Airbus A320,Turin (TRN),2019-11-11,16:34,16:40,-,-,Barcelona (BCN),2019-11-11,17:50,18:05,1-T1,-
https://www.barcelona-airport.com/eng/flight-arrival/IB5604,IB5604,Iberia,Landed - On-time,Airbus A320,Turin (TRN),2019-11-11,16:34,16:40,-,-,Barcelona (BCN),2019-11-11,17:50,18:05,1-T1,-
https://www.barcelona-airport.com/eng/flight-arrival/QR3643,QR3643,Qatar Airways,Landed - On-time,Airbus A320,Turin (TRN),2019-11-11,16:34,16:40,-,-,Barcelona (BCN),2019-11-11,17:50,18:05,1-T1,-
https://www.barcelona-airport.com/eng/flight-arrival/PQ741,PQ741,SkyUP Airlines,Landed - On-time,Boeing 737-800 (Scimitar Winglets) Passenger,Kiev/Kyiv (KBP),2019-11-11,15:30,15:30,F,-,Barcelona (BCN),2019-11-11,18:09,18:10,2-T2,-
https://www.barcelona-airport.com/eng/flight-arrival/VY1656,VY1656,Vueling,Landed - On-time,Airbus A320 (sharklets),Madrid (MAD),2019-11-11,17:08,16:55,4,J48,Barcelona (BCN),2019-11-11,18:20,18:10,1-T1,-
https://www.barcelona-airport.com/eng/flight-arrival/IB5869,IB5869,Iberia,Landed - On-time,Airbus A320 (sharklets),Madrid (MAD),2019-11-11,17:08,16:55,4,J48,Barcelona (BCN),2019-11-11,18:20,18:10,1-T1,-
https://www.barcelona-airport.com/eng/flight-arrival/FR6321,FR6321,Ryanair,Landed - On-time,Boeing 737-800 (winglets) Passenger/BBJ2,Valladolid (VLL),2019-11-11,17:18,16:55,1,5,Barcelona (BCN),2019-11-11,18:28,18:15,2-T2,-
https://www.barcelona-airport.com/eng/flight-arrival/FR8842,FR8842,Ryanair,Landed - On-time,Boeing 737-800 (winglets) Passenger/BBJ2,Ibiza (IBZ),2019-11-11,17:25,17:25,1,06,Barcelona (BCN),2019-11-11,18:15,18:20,2-T2,-
https://www.barcelona-airport.com/eng/flight-arrival/0B107,0B107,Blue Air,Landed - Delayed,Boeing 737-800 (winglets) Passenger/BBJ2,Bucharest (OTP),2019-11-11,16:36,16:00,-,-,Barcelona (BCN),2019-11-11,19:06,18:20,2-T2,-
https://www.barcelona-airport.com/eng/flight-arrival/U21409,U21409,easyJet,Landed - On-time,Airbus A320 (sharklets),Geneva (GVA),2019-11-11,16:58,17:00,-,D22,Barcelona (BCN),2019-11-11,18:21,18:25,2-T2,-
https://www.barcelona-airport.com/eng/flight-arrival/VY8019,VY8019,Vueling,Landed - On-time,Airbus A321 (sharklets),Paris (ORY),2019-11-11,16:55,16:45,OR,A22,Barcelona (BCN),2019-11-11,18:26,18:25,1-T1,-
https://www.barcelona-airport.com/eng/flight-arrival/BA8147,BA8147,British Airways,Landed - On-time,Airbus A321 (sharklets),Paris (ORY),2019-11-11,16:55,16:45,OR,A22,Barcelona (BCN),2019-11-11,18:26,18:25,1-T1,-
https://www.barcelona-airport.com/eng/flight-arrival/IB5725,IB5725,Iberia,Landed - On-time,Airbus A321 (sharklets),Paris (ORY),2019-11-11,16:55,16:45,OR,A22,Barcelona (BCN),2019-11-11,18:26,18:25,1-T1,-
https://www.barcelona-airport.com/eng/flight-arrival/VY8721,VY8721,Vueling,Landed - Delayed,Airbus A320 (sharklets),Dublin (DUB),2019-11-11,18:02,15:00,1,210,Barcelona (BCN),2019-11-11,21:02,18:30,1-T1,-
https://www.barcelona-airport.com/eng/flight-arrival/IB5814,IB5814,Iberia,Landed - Delayed,Airbus A320 (sharklets),Dublin (DUB),2019-11-11,18:02,15:00,1,210,Barcelona (BCN),2019-11-11,21:02,18:30,1-T1,-
https://www.barcelona-airport.com/eng/flight-arrival/FR1680,FR1680,Ryanair,Landed - On-time,Boeing 737-800 (winglets) Passenger/BBJ2,Frankfurt (FRA),2019-11-11,16:05,16:10,2,D22,Barcelona (BCN),2019-11-11,18:06,18:30,2-T2,-
https://www.barcelona-airport.com/eng/flight-arrival/KE915,KE915,Korean Air,Landed - Delayed,Boeing 787-9,Seoul (ICN),2019-11-11,13:38,13:35,2,242,Barcelona (BCN),2019-11-11,19:00,18:30,1-T1,-
https://www.barcelona-airport.com/eng/flight-arrival/VY8479,VY8479,Vueling,Landed - On-time,Airbus A321 (sharklets),Porto (OPO),2019-11-11,15:37,15:45,-,-,Barcelona (BCN),2019-11-11,18:29,18:30,1-T1,-
https://www.barcelona-airport.com/eng/flight-arrival/IB5791,IB5791,Iberia,Landed - On-time,Airbus A321 (sharklets),Porto (OPO),2019-11-11,15:37,15:45,-,-,Barcelona (BCN),2019-11-11,18:29,18:30,1-T1,-
https://www.barcelona-airport.com/eng/flight-arrival/QR3684,QR3684,Qatar Airways,Landed - On-time,Airbus A321 (sharklets),Porto (OPO),2019-11-11,15:37,15:45,-,-,Barcelona (BCN),2019-11-11,18:29,18:30,1-T1,-
https://www.barcelona-airport.com/eng/flight-arrival/VY3913,VY3913,Vueling,Landed - On-time,Airbus A320,Palma Mallorca (PMI),2019-11-11,17:32,17:35,-,D90,Barcelona (BCN),2019-11-11,18:13,18:30,1-T1,-
https://www.barcelona-airport.com/eng/flight-arrival/IB5457,IB5457,Iberia,Landed - On-time,Airbus A320,Palma Mallorca (PMI),2019-11-11,17:32,17:35,-,D90,Barcelona (BCN),2019-11-11,18:13,18:30,1-T1,-
https://www.barcelona-airport.com/eng/flight-arrival/QR3512,QR3512,Qatar Airways,Landed - On-time,Airbus A320,Palma Mallorca (PMI),2019-11-11,17:32,17:35,-,D90,Barcelona (BCN),2019-11-11,18:13,18:30,1-T1,-
https://www.barcelona-airport.com/eng/flight-arrival/VY6405,VY6405,Vueling,Landed - On-time,Airbus A320neo,Venice (VCE),2019-11-11,16:35,16:35,-,-,Barcelona (BCN),2019-11-11,18:23,18:30,1-T1,-
https://www.barcelona-airport.com/eng/flight-arrival/BA8164,BA8164,British Airways,Landed - On-time,Airbus A320neo,Venice (VCE),2019-11-11,16:35,16:35,-,-,Barcelona (BCN),2019-11-11,18:23,18:30,1-T1,-
https://www.barcelona-airport.com/eng/flight-arrival/IB5597,IB5597,Iberia,Landed - On-time,Airbus A320neo,Venice (VCE),2019-11-11,16:35,16:35,-,-,Barcelona (BCN),2019-11-11,18:23,18:30,1-T1,-
https://www.barcelona-airport.com/eng/flight-arrival/QR3697,QR3697,Qatar Airways,Landed - On-time,Airbus A320neo,Venice (VCE),2019-11-11,16:35,16:35,-,-,Barcelona (BCN),2019-11-11,18:23,18:30,1-T1,-
https://www.barcelona-airport.com/eng/flight-arrival/AF1048,AF1048,Air France,Landed - On-time,Airbus A318,Paris (CDG),2019-11-11,16:57,17:00,2F,F55,Barcelona (BCN),2019-11-11,18:24,18:40,1-T1,-
https://www.barcelona-airport.com/eng/flight-arrival/DL8281,DL8281,Delta Air Lines,Landed - On-time,Airbus A318,Paris (CDG),2019-11-11,16:57,17:00,2F,F55,Barcelona (BCN),2019-11-11,18:24,18:40,1-T1,-
https://www.barcelona-airport.com/eng/flight-arrival/G35233,G35233,Gol,Landed - On-time,Airbus A318,Paris (CDG),2019-11-11,16:57,17:00,2F,F55,Barcelona (BCN),2019-11-11,18:24,18:40,1-T1,-
https://www.barcelona-airport.com/eng/flight-arrival/KK7459,KK7459,Atlasglobal,Landed - On-time,Airbus A318,Paris (CDG),2019-11-11,16:57,17:00,2F,F55,Barcelona (BCN),2019-11-11,18:24,18:40,1-T1,-
https://www.barcelona-airport.com/eng/flight-arrival/KQ3156,KQ3156,Kenya Airways,Landed - On-time,Airbus A318,Paris (CDG),2019-11-11,16:57,17:00,2F,F55,Barcelona (BCN),2019-11-11,18:24,18:40,1-T1,-
https://www.barcelona-airport.com/eng/flight-arrival/UX2204,UX2204,Air Europa,Landed - On-time,Airbus A318,Paris (CDG),2019-11-11,16:57,17:00,2F,F55,Barcelona (BCN),2019-11-11,18:24,18:40,1-T1,-
https://www.barcelona-airport.com/eng/flight-arrival/FR9112,FR9112,Ryanair,Landed - On-time,Boeing 737-800 (winglets) Passenger/BBJ2,Turin (TRN),2019-11-11,17:09,17:10,-,-,Barcelona (BCN),2019-11-11,18:26,18:40,2-T2,-
https://www.barcelona-airport.com/eng/flight-arrival/VY6523,VY6523,Vueling,Landed - On-time,Airbus A320 (sharklets),Bologna (BLQ),2019-11-11,17:00,17:00,-,11,Barcelona (BCN),2019-11-11,18:40,18:45,1-T1,-
https://www.barcelona-airport.com/eng/flight-arrival/IB5606,IB5606,Iberia,Landed - On-time,Airbus A320 (sharklets),Bologna (BLQ),2019-11-11,17:00,17:00,-,11,Barcelona (BCN),2019-11-11,18:40,18:45,1-T1,-
https://www.barcelona-airport.com/eng/flight-arrival/QR3647,QR3647,Qatar Airways,Landed - On-time,Airbus A320 (sharklets),Bologna (BLQ),2019-11-11,17:00,17:00,-,11,Barcelona (BCN),2019-11-11,18:40,18:45,1-T1,-
https://www.barcelona-airport.com/eng/flight-arrival/EW9442,EW9442,Eurowings,Landed - Delayed,Airbus A320 (sharklets),Dusseldorf (DUS),2019-11-11,17:49,16:30,-,B77,Barcelona (BCN),2019-11-11,19:45,18:45,2-T2,-
https://www.barcelona-airport.com/eng/flight-arrival/NH5109,NH5109,ANA,Landed - Delayed,Airbus A320 (sharklets),Dusseldorf (DUS),2019-11-11,17:49,16:30,-,B77,Barcelona (BCN),2019-11-11,19:45,18:45,2-T2,-
https://www.barcelona-airport.com/eng/flight-arrival/IB1730,IB1730,Iberia,Landed - Delayed,Airbus A340-600,Madrid (MAD),2019-11-11,19:34,17:30,4,J51,Barcelona (BCN),2019-11-11,20:45,18:45,1-T1,-
https://www.barcelona-airport.com/eng/flight-arrival/AV6148,AV6148,SA AVIANCA,Landed - Delayed,Airbus A340-600,Madrid (MAD),2019-11-11,19:34,17:30,4,J51,Barcelona (BCN),2019-11-11,20:45,18:45,1-T1,-
https://www.barcelona-airport.com/eng/flight-arrival/LA7077,LA7077,LATAM Airlines,Landed - Delayed,Airbus A340-600,Madrid (MAD),2019-11-11,19:34,17:30,4,J51,Barcelona (BCN),2019-11-11,20:45,18:45,1-T1,-
https://www.barcelona-airport.com/eng/flight-arrival/W61475,W61475,Wizz Air,Landed - On-time,Airbus A321 (sharklets),Warsaw (WAW),2019-11-11,15:45,15:45,A,45,Barcelona (BCN),2019-11-11,18:34,18:45,2-T2,-
https://www.barcelona-airport.com/eng/flight-arrival/FR9146,FR9146,Ryanair,Landed - On-time,Boeing 737-800 (winglets) Passenger/BBJ2,Liverpool (LPL),2019-11-11,15:50,15:30,-,-,Barcelona (BCN),2019-11-11,18:49,18:50,2-T2,-
https://www.barcelona-airport.com/eng/flight-arrival/VY6339,VY6339,Vueling,Landed - On-time,Airbus A320neo,Milan (MXP),2019-11-11,17:11,17:15,1,-,Barcelona (BCN),2019-11-11,18:42,18:50,1-T1,-
https://www.barcelona-airport.com/eng/flight-arrival/BA8847,BA8847,British Airways,Landed - On-time,Airbus A320neo,Milan (MXP),2019-11-11,17:11,17:15,1,-,Barcelona (BCN),2019-11-11,18:42,18:50,1-T1,-
https://www.barcelona-airport.com/eng/flight-arrival/IB5590,IB5590,Iberia,Landed - On-time,Airbus A320neo,Milan (MXP),2019-11-11,17:11,17:15,1,-,Barcelona (BCN),2019-11-11,18:42,18:50,1-T1,-
https://www.barcelona-airport.com/eng/flight-arrival/VY1313,VY1313,Vueling,Landed - On-time,Airbus A320 (sharklets),Alicante (ALC),2019-11-11,17:39,17:45,N,C49,Barcelona (BCN),2019-11-11,18:44,18:55,1-T1,-
https://www.barcelona-airport.com/eng/flight-arrival/IB5036,IB5036,Iberia,Landed - On-time,Airbus A320 (sharklets),Alicante (ALC),2019-11-11,17:39,17:45,N,C49,Barcelona (BCN),2019-11-11,18:44,18:55,1-T1,-
https://www.barcelona-airport.com/eng/flight-arrival/QR3533,QR3533,Qatar Airways,Landed - On-time,Airbus A320 (sharklets),Alicante (ALC),2019-11-11,17:39,17:45,N,C49,Barcelona (BCN),2019-11-11,18:44,18:55,1-T1,-
https://www.barcelona-airport.com/eng/flight-arrival/VY1427,VY1427,Vueling,Landed - On-time,Airbus A320neo,Bilbao (BIO),2019-11-11,17:38,17:45,O,3,Barcelona (BCN),2019-11-11,18:36,18:55,1-T1,-
https://www.barcelona-airport.com/eng/flight-arrival/IB5059,IB5059,Iberia,Landed - On-time,Airbus A320neo,Bilbao (BIO),2019-11-11,17:38,17:45,O,3,Barcelona (BCN),2019-11-11,18:36,18:55,1-T1,-
https://www.barcelona-airport.com/eng/flight-arrival/QR3538,QR3538,Qatar Airways,Landed - On-time,Airbus A320neo,Bilbao (BIO),2019-11-11,17:38,17:45,O,3,Barcelona (BCN),2019-11-11,18:36,18:55,1-T1,-
https://www.barcelona-airport.com/eng/flight-arrival/LH1134,LH1134,Lufthansa,Landed - Delayed,Airbus A321 (sharklets),Frankfurt (FRA),2019-11-11,17:27,16:55,1,A60,Barcelona (BCN),2019-11-11,19:21,18:55,1-T1,-
https://www.barcelona-airport.com/eng/flight-arrival/NH5449,NH5449,ANA,Landed - Delayed,Airbus A321 (sharklets),Frankfurt (FRA),2019-11-11,17:27,16:55,1,A60,Barcelona (BCN),2019-11-11,19:21,18:55,1-T1,-
https://www.barcelona-airport.com/eng/flight-arrival/BA470,BA470,British Airways,Landed - On-time,Airbus A320,London (LHR),2019-11-11,15:50,15:50,3,5,Barcelona (BCN),2019-11-11,19:04,19:00,1-T1,-
https://www.barcelona-airport.com/eng/flight-arrival/AA6686,AA6686,American Airlines,Landed - On-time,Airbus A320,London (LHR),2019-11-11,15:50,15:50,3,5,Barcelona (BCN),2019-11-11,19:04,19:00,1-T1,-
https://www.barcelona-airport.com/eng/flight-arrival/IB7472,IB7472,Iberia,Landed - On-time,Airbus A320,London (LHR),2019-11-11,15:50,15:50,3,5,Barcelona (BCN),2019-11-11,19:04,19:00,1-T1,-
https://www.barcelona-airport.com/eng/flight-arrival/JL6518,JL6518,JAL,Landed - On-time,Airbus A320,London (LHR),2019-11-11,15:50,15:50,3,5,Barcelona (BCN),2019-11-11,19:04,19:00,1-T1,-
https://www.barcelona-airport.com/eng/flight-arrival/KL1675,KL1675,KLM,Landed - On-time,Boeing 737-800 (winglets) Passenger/BBJ2,Amsterdam (AMS),2019-11-11,16:57,16:55,-,D84,Barcelona (BCN),2019-11-11,18:53,19:05,1-T1,-
https://www.barcelona-airport.com/eng/flight-arrival/AM6202,AM6202,Aeromexico,Landed - On-time,Boeing 737-800 (winglets) Passenger/BBJ2,Amsterdam (AMS),2019-11-11,16:57,16:55,-,D84,Barcelona (BCN),2019-11-11,18:53,19:05,1-T1,-
https://www.barcelona-airport.com/eng/flight-arrival/CZ7982,CZ7982,China Southern Airlines,Landed - On-time,Boeing 737-800 (winglets) Passenger/BBJ2,Amsterdam (AMS),2019-11-11,16:57,16:55,-,D84,Barcelona (BCN),2019-11-11,18:53,19:05,1-T1,-
https://www.barcelona-airport.com/eng/flight-arrival/DL9604,DL9604,Delta Air Lines,Landed - On-time,Boeing 737-800 (winglets) Passenger/BBJ2,Amsterdam (AMS),2019-11-11,16:57,16:55,-,D84,Barcelona (BCN),2019-11-11,18:53,19:05,1-T1,-
https://www.barcelona-airport.com/eng/flight-arrival/EY7355,EY7355,Etihad Airways,Landed - On-time,Boeing 737-800 (winglets) Passenger/BBJ2,Amsterdam (AMS),2019-11-11,16:57,16:55,-,D84,Barcelona (BCN),2019-11-11,18:53,19:05,1-T1,-
https://www.barcelona-airport.com/eng/flight-arrival/G35651,G35651,Gol,Landed - On-time,Boeing 737-800 (winglets) Passenger/BBJ2,Amsterdam (AMS),2019-11-11,16:57,16:55,-,D84,Barcelona (BCN),2019-11-11,18:53,19:05,1-T1,-
https://www.barcelona-airport.com/eng/flight-arrival/GA9250,GA9250,Garuda Indonesia,Landed - On-time,Boeing 737-800 (winglets) Passenger/BBJ2,Amsterdam (AMS),2019-11-11,16:57,16:55,-,D84,Barcelona (BCN),2019-11-11,18:53,19:05,1-T1,-
https://www.barcelona-airport.com/eng/flight-arrival/KQ1675,KQ1675,Kenya Airways,Landed - On-time,Boeing 737-800 (winglets) Passenger/BBJ2,Amsterdam (AMS),2019-11-11,16:57,16:55,-,D84,Barcelona (BCN),2019-11-11,18:53,19:05,1-T1,-
https://www.barcelona-airport.com/eng/flight-arrival/PS9484,PS9484,UIA,Landed - On-time,Boeing 737-800 (winglets) Passenger/BBJ2,Amsterdam (AMS),2019-11-11,16:57,16:55,-,D84,Barcelona (BCN),2019-11-11,18:53,19:05,1-T1,-
https://www.barcelona-airport.com/eng/flight-arrival/U28577,U28577,easyJet,Landed - On-time,Airbus A319,London (LGW),2019-11-11,16:12,16:00,N,102,Barcelona (BCN),2019-11-11,18:55,19:05,2-T2,-
https://www.barcelona-airport.com/eng/flight-arrival/FR9014,FR9014,Ryanair,Landed - On-time,Boeing 737-800 (winglets) Passenger/BBJ2,London (STN),2019-11-11,15:50,15:50,1,-,Barcelona (BCN),2019-11-11,18:44,19:05,2-T2,-
https://www.barcelona-airport.com/eng/flight-arrival/VY1315,VY1315,Vueling,Landed - On-time,Airbus A320neo,Valencia (VLC),2019-11-11,18:15,18:05,1,9,Barcelona (BCN),2019-11-11,19:11,19:05,1-T1,-
https://www.barcelona-airport.com/eng/flight-arrival/IB5039,IB5039,Iberia,Landed - On-time,Airbus A320neo,Valencia (VLC),2019-11-11,18:15,18:05,1,9,Barcelona (BCN),2019-11-11,19:11,19:05,1-T1,-
https://www.barcelona-airport.com/eng/flight-arrival/QR3676,QR3676,Qatar Airways,Landed - On-time,Airbus A320neo,Valencia (VLC),2019-11-11,18:15,18:05,1,9,Barcelona (BCN),2019-11-11,19:11,19:05,1-T1,-
https://www.barcelona-airport.com/eng/flight-arrival/VY1591,VY1591,Vueling,Landed - On-time,Airbus A320neo,Santander (SDR),2019-11-11,17:49,17:55,N,2,Barcelona (BCN),2019-11-11,19:01,19:10,1-T1,-
https://www.barcelona-airport.com/eng/flight-arrival/IB5107,IB5107,Iberia,Landed - On-time,Airbus A320neo,Santander (SDR),2019-11-11,17:49,17:55,N,2,Barcelona (BCN),2019-11-11,19:01,19:10,1-T1,-
https://www.barcelona-airport.com/eng/flight-arrival/QR3673,QR3673,Qatar Airways,Landed - On-time,Airbus A320neo,Santander (SDR),2019-11-11,17:49,17:55,N,2,Barcelona (BCN),2019-11-11,19:01,19:10,1-T1,-
https://www.barcelona-airport.com/eng/flight-arrival/EW2520,EW2520,Eurowings,Landed - On-time,Airbus A320 (sharklets),Stuttgart (STR),2019-11-11,17:13,17:20,1,324,Barcelona (BCN),2019-11-11,18:47,19:10,2-T2,-
https://www.barcelona-airport.com/eng/flight-arrival/LX1956,LX1956,SWISS,Landed - On-time,Airbus A321,Zurich (ZRH),2019-11-11,17:25,17:25,1,A64,Barcelona (BCN),2019-11-11,19:01,19:10,1-T1,-
https://www.barcelona-airport.com/eng/flight-arrival/VY2116,VY2116,Vueling,Landed - On-time,Airbus A320 (sharklets),Malaga (AGP),2019-11-11,17:38,17:40,-,D46,Barcelona (BCN),2019-11-11,19:22,19:15,1-T1,-
https://www.barcelona-airport.com/eng/flight-arrival/IB5174,IB5174,Iberia,Landed - On-time,Airbus A320 (sharklets),Malaga (AGP),2019-11-11,17:38,17:40,-,D46,Barcelona (BCN),2019-11-11,19:22,19:15,1-T1,-
https://www.barcelona-airport.com/eng/flight-arrival/QR3500,QR3500,Qatar Airways,Landed - On-time,Airbus A320 (sharklets),Malaga (AGP),2019-11-11,17:38,17:40,-,D46,Barcelona (BCN),2019-11-11,19:22,19:15,1-T1,-
https://www.barcelona-airport.com/eng/flight-arrival/FR2938,FR2938,Ryanair,Landed - On-time,Boeing 737-800 (winglets) Passenger/BBJ2,Brussels (BRU),2019-11-11,17:22,17:15,-,A32,Barcelona (BCN),2019-11-11,19:10,19:15,2-T2,-
https://www.barcelona-airport.com/eng/flight-arrival/VY3217,VY3217,Vueling,Landed - On-time,Airbus A320 (sharklets),Tenerife (TFN),2019-11-11,14:50,15:00,1,B21,Barcelona (BCN),2019-11-11,19:12,19:20,1-T1,-
https://www.barcelona-airport.com/eng/flight-arrival/IB5369,IB5369,Iberia,Landed - On-time,Airbus A320 (sharklets),Tenerife (TFN),2019-11-11,14:50,15:00,1,B21,Barcelona (BCN),2019-11-11,19:12,19:20,1-T1,-
https://www.barcelona-airport.com/eng/flight-arrival/QR3734,QR3734,Qatar Airways,Landed - On-time,Airbus A320 (sharklets),Tenerife (TFN),2019-11-11,14:50,15:00,1,B21,Barcelona (BCN),2019-11-11,19:12,19:20,1-T1,-
https://www.barcelona-airport.com/eng/flight-arrival/E25922,E25922,Eurowings Europe,Landed - On-time,Airbus A319,Vienna (VIE),2019-11-11,16:47,16:50,-,C37,Barcelona (BCN),2019-11-11,19:01,19:20,2-T2,-
https://www.barcelona-airport.com/eng/flight-arrival/EW5922,EW5922,Eurowings,Landed - On-time,Airbus A319,Vienna (VIE),2019-11-11,16:47,16:50,-,C37,Barcelona (BCN),2019-11-11,19:01,19:20,2-T2,-
https://www.barcelona-airport.com/eng/flight-arrival/OS8849,OS8849,Austrian,Landed - On-time,Airbus A319,Vienna (VIE),2019-11-11,16:47,16:50,-,C37,Barcelona (BCN),2019-11-11,19:01,19:20,2-T2,-
https://www.barcelona-airport.com/eng/flight-arrival/VY6111,VY6111,Vueling,Landed - Delayed,Airbus A320 (sharklets),Rome (FCO),2019-11-11,18:07,17:35,1,D6,Barcelona (BCN),2019-11-11,20:05,19:25,1-T1,-
https://www.barcelona-airport.com/eng/flight-arrival/BA8103,BA8103,British Airways,Landed - Delayed,Airbus A320 (sharklets),Rome (FCO),2019-11-11,18:07,17:35,1,D6,Barcelona (BCN),2019-11-11,20:05,19:25,1-T1,-
https://www.barcelona-airport.com/eng/flight-arrival/IB5524,IB5524,Iberia,Landed - Delayed,Airbus A320 (sharklets),Rome (FCO),2019-11-11,18:07,17:35,1,D6,Barcelona (BCN),2019-11-11,20:05,19:25,1-T1,-
https://www.barcelona-airport.com/eng/flight-arrival/QR3563,QR3563,Qatar Airways,Landed - Delayed,Airbus A320 (sharklets),Rome (FCO),2019-11-11,18:07,17:35,1,D6,Barcelona (BCN),2019-11-11,20:05,19:25,1-T1,-
https://www.barcelona-airport.com/eng/flight-arrival/VY3709,VY3709,Vueling,Landed - On-time,Airbus A320 (sharklets),Menorca (MAH),2019-11-11,18:36,18:35,1,06,Barcelona (BCN),2019-11-11,19:18,19:25,1-T1,-
https://www.barcelona-airport.com/eng/flight-arrival/IB5430,IB5430,Iberia,Landed - On-time,Airbus A320 (sharklets),Menorca (MAH),2019-11-11,18:36,18:35,1,06,Barcelona (BCN),2019-11-11,19:18,19:25,1-T1,-
https://www.barcelona-airport.com/eng/flight-arrival/QR3752,QR3752,Qatar Airways,Landed - On-time,Airbus A320 (sharklets),Menorca (MAH),2019-11-11,18:36,18:35,1,06,Barcelona (BCN),2019-11-11,19:18,19:25,1-T1,-
https://www.barcelona-airport.com/eng/flight-arrival/AF1248,AF1248,Air France,Landed - On-time,Airbus A319,Paris (CDG),2019-11-11,17:55,17:50,2F,F50,Barcelona (BCN),2019-11-11,19:20,19:30,1-T1,-
https://www.barcelona-airport.com/eng/flight-arrival/AM6030,AM6030,Aeromexico,Landed - On-time,Airbus A319,Paris (CDG),2019-11-11,17:55,17:50,2F,F50,Barcelona (BCN),2019-11-11,19:20,19:30,1-T1,-
https://www.barcelona-airport.com/eng/flight-arrival/DL8377,DL8377,Delta Air Lines,Landed - On-time,Airbus A319,Paris (CDG),2019-11-11,17:55,17:50,2F,F50,Barcelona (BCN),2019-11-11,19:20,19:30,1-T1,-
https://www.barcelona-airport.com/eng/flight-arrival/G35235,G35235,Gol,Landed - On-time,Airbus A319,Paris (CDG),2019-11-11,17:55,17:50,2F,F50,Barcelona (BCN),2019-11-11,19:20,19:30,1-T1,-
https://www.barcelona-airport.com/eng/flight-arrival/JL5317,JL5317,JAL,Landed - On-time,Airbus A319,Paris (CDG),2019-11-11,17:55,17:50,2F,F50,Barcelona (BCN),2019-11-11,19:20,19:30,1-T1,-
https://www.barcelona-airport.com/eng/flight-arrival/KE6343,KE6343,Korean Air,Landed - On-time,Airbus A319,Paris (CDG),2019-11-11,17:55,17:50,2F,F50,Barcelona (BCN),2019-11-11,19:20,19:30,1-T1,-
https://www.barcelona-airport.com/eng/flight-arrival/KK7460,KK7460,Atlasglobal,Landed - On-time,Airbus A319,Paris (CDG),2019-11-11,17:55,17:50,2F,F50,Barcelona (BCN),2019-11-11,19:20,19:30,1-T1,-
https://www.barcelona-airport.com/eng/flight-arrival/KQ3206,KQ3206,Kenya Airways,Landed - On-time,Airbus A319,Paris (CDG),2019-11-11,17:55,17:50,2F,F50,Barcelona (BCN),2019-11-11,19:20,19:30,1-T1,-
https://www.barcelona-airport.com/eng/flight-arrival/UX2247,UX2247,Air Europa,Landed - On-time,Airbus A319,Paris (CDG),2019-11-11,17:55,17:50,2F,F50,Barcelona (BCN),2019-11-11,19:20,19:30,1-T1,-
https://www.barcelona-airport.com/eng/flight-arrival/VY3517,VY3517,Vueling,Landed - On-time,Airbus A320neo,Ibiza (IBZ),2019-11-11,18:34,18:35,1,07,Barcelona (BCN),2019-11-11,19:30,19:30,1-T1,-
https://www.barcelona-airport.com/eng/flight-arrival/IB5131,IB5131,Iberia,Landed - On-time,Airbus A320neo,Ibiza (IBZ),2019-11-11,18:34,18:35,1,07,Barcelona (BCN),2019-11-11,19:30,19:30,1-T1,-
https://www.barcelona-airport.com/eng/flight-arrival/QR3601,QR3601,Qatar Airways,Landed - On-time,Airbus A320neo,Ibiza (IBZ),2019-11-11,18:34,18:35,1,07,Barcelona (BCN),2019-11-11,19:30,19:30,1-T1,-
https://www.barcelona-airport.com/eng/flight-arrival/VY3909,VY3909,Vueling,Landed - On-time,Airbus A320,Palma Mallorca (PMI),2019-11-11,18:21,18:35,-,D84,Barcelona (BCN),2019-11-11,19:09,19:30,1-T1,-
https://www.barcelona-airport.com/eng/flight-arrival/IB5453,IB5453,Iberia,Landed - On-time,Airbus A320,Palma Mallorca (PMI),2019-11-11,18:21,18:35,-,D84,Barcelona (BCN),2019-11-11,19:09,19:30,1-T1,-
https://www.barcelona-airport.com/eng/flight-arrival/QR3770,QR3770,Qatar Airways,Landed - On-time,Airbus A320,Palma Mallorca (PMI),2019-11-11,18:21,18:35,-,D84,Barcelona (BCN),2019-11-11,19:09,19:30,1-T1,-
https://www.barcelona-airport.com/eng/flight-arrival/U24535,U24535,easyJet,Landed - On-time,Airbus A319,Berlin (SXF),2019-11-11,17:10,16:55,-,65,Barcelona (BCN),2019-11-11,19:38,19:30,2-T2,-
https://www.barcelona-airport.com/eng/flight-arrival/VY2489,VY2489,Vueling,Landed - Delayed,Airbus A319,San Sebastian (EAS),2019-11-11,18:58,18:30,1,2,Barcelona (BCN),2019-11-11,19:59,19:35,1-T1,-
https://www.barcelona-airport.com/eng/flight-arrival/IB5223,IB5223,Iberia,Landed - Delayed,Airbus A319,San Sebastian (EAS),2019-11-11,18:58,18:30,1,2,Barcelona (BCN),2019-11-11,19:59,19:35,1-T1,-
https://www.barcelona-airport.com/eng/flight-arrival/QR3718,QR3718,Qatar Airways,Landed - Delayed,Airbus A319,San Sebastian (EAS),2019-11-11,18:58,18:30,1,2,Barcelona (BCN),2019-11-11,19:59,19:35,1-T1,-
https://www.barcelona-airport.com/eng/flight-arrival/VY1820,VY1820,Vueling,Landed - On-time,Airbus A320neo,Madrid (MAD),2019-11-11,18:20,18:20,4,J54,Barcelona (BCN),2019-11-11,19:23,19:35,1-T1,-
https://www.barcelona-airport.com/eng/flight-arrival/IB5871,IB5871,Iberia,Landed - On-time,Airbus A320neo,Madrid (MAD),2019-11-11,18:20,18:20,4,J54,Barcelona (BCN),2019-11-11,19:23,19:35,1-T1,-
https://www.barcelona-airport.com/eng/flight-arrival/VY8025,VY8025,Vueling,Landed - On-time,Airbus A321 (sharklets),Paris (ORY),2019-11-11,18:05,17:55,OR,A11,Barcelona (BCN),2019-11-11,19:29,19:35,1-T1,-
https://www.barcelona-airport.com/eng/flight-arrival/BA8153,BA8153,British Airways,Landed - On-time,Airbus A321 (sharklets),Paris (ORY),2019-11-11,18:05,17:55,OR,A11,Barcelona (BCN),2019-11-11,19:29,19:35,1-T1,-
https://www.barcelona-airport.com/eng/flight-arrival/IB5279,IB5279,Iberia,Landed - On-time,Airbus A321 (sharklets),Paris (ORY),2019-11-11,18:05,17:55,OR,A11,Barcelona (BCN),2019-11-11,19:29,19:35,1-T1,-
https://www.barcelona-airport.com/eng/flight-arrival/LY391,LY391,El Al,Landed - On-time,Boeing 737-900 (winglets) Passenger/BBJ3,Tel Aviv-Yafo (TLV),2019-11-11,15:33,15:45,3,-,Barcelona (BCN),2019-11-11,19:07,19:35,1-T1,-
https://www.barcelona-airport.com/eng/flight-arrival/IB2390,IB2390,Iberia,Landed - On-time,Boeing 737-900 (winglets) Passenger/BBJ3,Tel Aviv-Yafo (TLV),2019-11-11,15:33,15:45,3,-,Barcelona (BCN),2019-11-11,19:07,19:35,1-T1,-
https://www.barcelona-airport.com/eng/flight-arrival/BA486,BA486,British Airways,Landed - On-time,Airbus A320,London (LHR),2019-11-11,17:04,16:35,3,5A,Barcelona (BCN),2019-11-11,19:39,19:45,1-T1,-
https://www.barcelona-airport.com/eng/flight-arrival/AA6297,AA6297,American Airlines,Landed - On-time,Airbus A320,London (LHR),2019-11-11,17:04,16:35,3,5A,Barcelona (BCN),2019-11-11,19:39,19:45,1-T1,-
https://www.barcelona-airport.com/eng/flight-arrival/IB7486,IB7486,Iberia,Landed - On-time,Airbus A320,London (LHR),2019-11-11,17:04,16:35,3,5A,Barcelona (BCN),2019-11-11,19:39,19:45,1-T1,-
https://www.barcelona-airport.com/eng/flight-arrival/JL7161,JL7161,JAL,Landed - On-time,Airbus A320,London (LHR),2019-11-11,17:04,16:35,3,5A,Barcelona (BCN),2019-11-11,19:39,19:45,1-T1,-
https://www.barcelona-airport.com/eng/flight-arrival/VY1518,VY1518,Vueling,Landed - On-time,Airbus A320 (sharklets),Nice (NCE),2019-11-11,18:12,18:25,1,-,Barcelona (BCN),2019-11-11,19:15,19:45,1-T1,-
https://www.barcelona-airport.com/eng/flight-arrival/IB5094,IB5094,Iberia,Landed - On-time,Airbus A320 (sharklets),Nice (NCE),2019-11-11,18:12,18:25,1,-,Barcelona (BCN),2019-11-11,19:15,19:45,1-T1,-
https://www.barcelona-airport.com/eng/flight-arrival/VY1867,VY1867,Vueling,Landed - On-time,Airbus A321 (sharklets),Stuttgart (STR),2019-11-11,17:49,17:50,3,140,Barcelona (BCN),2019-11-11,19:40,19:45,1-T1,-
https://www.barcelona-airport.com/eng/flight-arrival/IB5140,IB5140,Iberia,Landed - On-time,Airbus A321 (sharklets),Stuttgart (STR),2019-11-11,17:49,17:50,3,140,Barcelona (BCN),2019-11-11,19:40,19:45,1-T1,-
https://www.barcelona-airport.com/eng/flight-arrival/VY1266,VY1266,Vueling,Landed - On-time,Airbus A320neo,Stockholm (ARN),2019-11-11,16:22,16:15,2,67,Barcelona (BCN),2019-11-11,19:52,19:50,1-T1,-
https://www.barcelona-airport.com/eng/flight-arrival/BA8041,BA8041,British Airways,Landed - On-time,Airbus A320neo,Stockholm (ARN),2019-11-11,16:22,16:15,2,67,Barcelona (BCN),2019-11-11,19:52,19:50,1-T1,-
https://www.barcelona-airport.com/eng/flight-arrival/IB5015,IB5015,Iberia,Landed - On-time,Airbus A320neo,Stockholm (ARN),2019-11-11,16:22,16:15,2,67,Barcelona (BCN),2019-11-11,19:52,19:50,1-T1,-
https://www.barcelona-airport.com/eng/flight-arrival/VY1295,VY1295,Vueling,Landed - On-time,Airbus A320,La Coruna (LCG),2019-11-11,18:15,18:10,1,1,Barcelona (BCN),2019-11-11,19:44,19:50,1-T1,-
https://www.barcelona-airport.com/eng/flight-arrival/IB5022,IB5022,Iberia,Landed - On-time,Airbus A320,La Coruna (LCG),2019-11-11,18:15,18:10,1,1,Barcelona (BCN),2019-11-11,19:44,19:50,1-T1,-
https://www.barcelona-airport.com/eng/flight-arrival/QR3627,QR3627,Qatar Airways,Landed - On-time,Airbus A320,La Coruna (LCG),2019-11-11,18:15,18:10,1,1,Barcelona (BCN),2019-11-11,19:44,19:50,1-T1,-
https://www.barcelona-airport.com/eng/flight-arrival/3O377,3O377,Air Arabia Maroc,Landed - Delayed,Airbus A320,Tangier (TNG),2019-11-11,18:05,18:05,-,-,Barcelona (BCN),2019-11-11,20:37,19:50,2-T2,-
https://www.barcelona-airport.com/eng/flight-arrival/OE316,OE316,Lauda,Landed - On-time,Airbus A320,Vienna (VIE),2019-11-11,17:35,17:35,-,C36,Barcelona (BCN),2019-11-11,19:56,19:55,2-T2,-
https://www.barcelona-airport.com/eng/flight-arrival/VY6198,VY6198,Vueling,Landed - Delayed,Airbus A320neo,Geneva (GVA),2019-11-11,18:52,18:30,-,A3,Barcelona (BCN),2019-11-11,20:16,20:00,1-T1,-
https://www.barcelona-airport.com/eng/flight-arrival/IB5546,IB5546,Iberia,Landed - Delayed,Airbus A320neo,Geneva (GVA),2019-11-11,18:52,18:30,-,A3,Barcelona (BCN),2019-11-11,20:16,20:00,1-T1,-
https://www.barcelona-airport.com/eng/flight-arrival/FR3038,FR3038,Ryanair,Landed - On-time,Boeing 737-800 (winglets) Passenger/BBJ2,Luxembourg (LUX),2019-11-11,18:05,18:05,-,-,Barcelona (BCN),2019-11-11,19:48,20:00,2-T2,-
https://www.barcelona-airport.com/eng/flight-arrival/IB1846,IB1846,Iberia,Canceled,Airbus A320 (sharklets),Madrid (MAD),2019-11-11,18:45,18:45,4,J56,Barcelona (BCN),2019-11-11,21:15,20:00,1-T1,-
https://www.barcelona-airport.com/eng/flight-arrival/TO3238,TO3238,Transavia France,Landed - Delayed,Boeing 737-800 (winglets) Passenger/BBJ2,Paris (ORY),2019-11-11,18:20,18:20,OR,E19,Barcelona (BCN),2019-11-11,20:26,20:00,2-T2,-
https://www.barcelona-airport.com/eng/flight-arrival/VY6613,VY6613,Vueling,Landed - On-time,Airbus A320 (sharklets),Bari (BRI),2019-11-11,17:50,18:00,-,A1,Barcelona (BCN),2019-11-11,19:49,20:10,1-T1,-
https://www.barcelona-airport.com/eng/flight-arrival/IB5623,IB5623,Iberia,Landed - On-time,Airbus A320 (sharklets),Bari (BRI),2019-11-11,17:50,18:00,-,A1,Barcelona (BCN),2019-11-11,19:49,20:10,1-T1,-
https://www.barcelona-airport.com/eng/flight-arrival/QR3672,QR3672,Qatar Airways,Landed - On-time,Airbus A320 (sharklets),Bari (BRI),2019-11-11,17:50,18:00,-,A1,Barcelona (BCN),2019-11-11,19:49,20:10,1-T1,-
https://www.barcelona-airport.com/eng/flight-arrival/U26029,U26029,easyJet,Landed - On-time,Airbus A320 (sharklets),Bristol (BRS),2019-11-11,16:49,17:00,-,-,Barcelona (BCN),2019-11-11,19:31,20:10,2-T2,-
https://www.barcelona-airport.com/eng/flight-arrival/EK187,EK187,Emirates,Landed - On-time,Airbus A380-800 Passenger,Dubai (DXB),2019-11-11,15:38,15:35,3,B15,Barcelona (BCN),2019-11-11,19:35,20:10,1-T1,-
https://www.barcelona-airport.com/eng/flight-arrival/MH4511,MH4511,Malaysia Airlines,Landed - On-time,Airbus A380-800 Passenger,Dubai (DXB),2019-11-11,15:38,15:35,3,B15,Barcelona (BCN),2019-11-11,19:35,20:10,1-T1,-
https://www.barcelona-airport.com/eng/flight-arrival/QF8187,QF8187,Qantas,Landed - On-time,Airbus A380-800 Passenger,Dubai (DXB),2019-11-11,15:38,15:35,3,B15,Barcelona (BCN),2019-11-11,19:35,20:10,1-T1,-
https://www.barcelona-airport.com/eng/flight-arrival/VY3003,VY3003,Vueling,Landed - Delayed,Airbus A321 (sharklets),Las Palmas (LPA),2019-11-11,16:03,15:50,-,C3,Barcelona (BCN),2019-11-11,20:31,20:10,1-T1,-
https://www.barcelona-airport.com/eng/flight-arrival/IB5284,IB5284,Iberia,Landed - Delayed,Airbus A321 (sharklets),Las Palmas (LPA),2019-11-11,16:03,15:50,-,C3,Barcelona (BCN),2019-11-11,20:31,20:10,1-T1,-
https://www.barcelona-airport.com/eng/flight-arrival/QR3765,QR3765,Qatar Airways,Landed - Delayed,Airbus A321 (sharklets),Las Palmas (LPA),2019-11-11,16:03,15:50,-,C3,Barcelona (BCN),2019-11-11,20:31,20:10,1-T1,-
https://www.barcelona-airport.com/eng/flight-arrival/U22267,U22267,easyJet,Landed - On-time,Airbus A320neo,London (LTN),2019-11-11,17:08,17:05,-,7,Barcelona (BCN),2019-11-11,19:53,20:15,2-T2,-
https://www.barcelona-airport.com/eng/flight-arrival/AY1653,AY1653,Finnair,Landed - On-time,Airbus A321 (sharklets),Helsinki (HEL),2019-11-11,17:17,17:25,2,30,Barcelona (BCN),2019-11-11,20:02,20:20,1-T1,-
https://www.barcelona-airport.com/eng/flight-arrival/IB391,IB391,Iberia,Landed - On-time,Airbus A321 (sharklets),Helsinki (HEL),2019-11-11,17:17,17:25,2,30,Barcelona (BCN),2019-11-11,20:02,20:20,1-T1,-
https://www.barcelona-airport.com/eng/flight-arrival/JL6855,JL6855,JAL,Landed - On-time,Airbus A321 (sharklets),Helsinki (HEL),2019-11-11,17:17,17:25,2,30,Barcelona (BCN),2019-11-11,20:02,20:20,1-T1,-
https://www.barcelona-airport.com/eng/flight-arrival/TP1046,TP1046,TAP Air Portugal,Landed - On-time,Airbus A319,Lisbon (LIS),2019-11-11,17:32,17:30,1,-,Barcelona (BCN),2019-11-11,20:21,20:20,1-T1,-
https://www.barcelona-airport.com/eng/flight-arrival/S48710,S48710,Azores Airlines,Landed - On-time,Airbus A319,Lisbon (LIS),2019-11-11,17:32,17:30,1,-,Barcelona (BCN),2019-11-11,20:21,20:20,1-T1,-
https://www.barcelona-airport.com/eng/flight-arrival/VY2227,VY2227,Vueling,Landed - Delayed,Airbus A320 (sharklets),Sevilla (SVQ),2019-11-11,19:06,18:40,1,4,Barcelona (BCN),2019-11-11,20:51,20:20,1-T1,-
https://www.barcelona-airport.com/eng/flight-arrival/IB5417,IB5417,Iberia,Landed - Delayed,Airbus A320 (sharklets),Sevilla (SVQ),2019-11-11,19:06,18:40,1,4,Barcelona (BCN),2019-11-11,20:51,20:20,1-T1,-
https://www.barcelona-airport.com/eng/flight-arrival/QR3504,QR3504,Qatar Airways,Landed - Delayed,Airbus A320 (sharklets),Sevilla (SVQ),2019-11-11,19:06,18:40,1,4,Barcelona (BCN),2019-11-11,20:51,20:20,1-T1,-
https://www.barcelona-airport.com/eng/flight-arrival/VY2916,VY2916,Vueling,Landed - Delayed,Airbus A320neo,Bordeaux (BOD),2019-11-11,19:51,19:15,A,16,Barcelona (BCN),2019-11-11,20:52,20:25,1-T1,-
https://www.barcelona-airport.com/eng/flight-arrival/IB5258,IB5258,Iberia,Landed - Delayed,Airbus A320neo,Bordeaux (BOD),2019-11-11,19:51,19:15,A,16,Barcelona (BCN),2019-11-11,20:52,20:25,1-T1,-
https://www.barcelona-airport.com/eng/flight-arrival/QR141,QR141,Qatar Airways,Landed - On-time,Airbus A350-900,Doha (DOH),2019-11-11,15:23,15:25,-,A1,Barcelona (BCN),2019-11-11,19:57,20:25,1-T1,-
https://www.barcelona-airport.com/eng/flight-arrival/UL3551,UL3551,SriLankan Airlines,Landed - On-time,Airbus A350-900,Doha (DOH),2019-11-11,15:23,15:25,-,A1,Barcelona (BCN),2019-11-11,19:57,20:25,1-T1,-
https://www.barcelona-airport.com/eng/flight-arrival/SN3705,SN3705,Brussels Airlines,Landed - On-time,Airbus A320,Brussels (BRU),2019-11-11,18:32,18:30,-,A50,Barcelona (BCN),2019-11-11,20:14,20:30,1-T1,-
https://www.barcelona-airport.com/eng/flight-arrival/NH5147,NH5147,ANA,Landed - On-time,Airbus A320,Brussels (BRU),2019-11-11,18:32,18:30,-,A50,Barcelona (BCN),2019-11-11,20:14,20:30,1-T1,-
https://www.barcelona-airport.com/eng/flight-arrival/VY8245,VY8245,Vueling,Landed - Delayed,Airbus A320 (sharklets),Paris (CDG),2019-11-11,19:38,18:50,3,11,Barcelona (BCN),2019-11-11,21:21,20:35,1-T1,-
https://www.barcelona-airport.com/eng/flight-arrival/BA8835,BA8835,British Airways,Landed - Delayed,Airbus A320 (sharklets),Paris (CDG),2019-11-11,19:38,18:50,3,11,Barcelona (BCN),2019-11-11,21:21,20:35,1-T1,-
https://www.barcelona-airport.com/eng/flight-arrival/IB5746,IB5746,Iberia,Landed - Delayed,Airbus A320 (sharklets),Paris (CDG),2019-11-11,19:38,18:50,3,11,Barcelona (BCN),2019-11-11,21:21,20:35,1-T1,-
https://www.barcelona-airport.com/eng/flight-arrival/VY1676,VY1676,Vueling,Landed - On-time,Airbus A320,Santiago De Compostela (SCQ),2019-11-11,19:07,18:55,T,A3,Barcelona (BCN),2019-11-11,20:35,20:35,1-T1,-
https://www.barcelona-airport.com/eng/flight-arrival/IB5121,IB5121,Iberia,Landed - On-time,Airbus A320,Santiago De Compostela (SCQ),2019-11-11,19:07,18:55,T,A3,Barcelona (BCN),2019-11-11,20:35,20:35,1-T1,-
https://www.barcelona-airport.com/eng/flight-arrival/QR3705,QR3705,Qatar Airways,Landed - On-time,Airbus A320,Santiago De Compostela (SCQ),2019-11-11,19:07,18:55,T,A3,Barcelona (BCN),2019-11-11,20:35,20:35,1-T1,-
https://www.barcelona-airport.com/eng/flight-arrival/W67737,W67737,Wizz Air,Landed - On-time,Airbus A321 (sharklets),Skopje (SKP),2019-11-11,17:50,17:50,-,-,Barcelona (BCN),2019-11-11,20:22,20:35,2-T2,-
https://www.barcelona-airport.com/eng/flight-arrival/FR6395,FR6395,Ryanair,Landed - On-time,Boeing 737-800 (winglets) Passenger/BBJ2,Dublin (DUB),2019-11-11,17:10,17:10,1,110,Barcelona (BCN),2019-11-11,20:30,20:40,2-T2,-
https://www.barcelona-airport.com/eng/flight-arrival/VY2015,VY2015,Vueling,Landed - On-time,Airbus A320neo,Granada (GRX),2019-11-11,18:59,19:15,1,2,Barcelona (BCN),2019-11-11,20:28,20:40,1-T1,-
https://www.barcelona-airport.com/eng/flight-arrival/IB5165,IB5165,Iberia,Landed - On-time,Airbus A320neo,Granada (GRX),2019-11-11,18:59,19:15,1,2,Barcelona (BCN),2019-11-11,20:28,20:40,1-T1,-
https://www.barcelona-airport.com/eng/flight-arrival/QR3767,QR3767,Qatar Airways,Landed - On-time,Airbus A320neo,Granada (GRX),2019-11-11,18:59,19:15,1,2,Barcelona (BCN),2019-11-11,20:28,20:40,1-T1,-
https://www.barcelona-airport.com/eng/flight-arrival/U21411,U21411,easyJet,Landed - On-time,Airbus A320,Geneva (GVA),2019-11-11,19:09,19:15,-,D75,Barcelona (BCN),2019-11-11,20:28,20:40,2-T2,-
https://www.barcelona-airport.com/eng/flight-arrival/VY3911,VY3911,Vueling,Landed - On-time,Airbus A320 (sharklets),Palma Mallorca (PMI),2019-11-11,19:41,19:45,-,D84,Barcelona (BCN),2019-11-11,20:25,20:40,1-T1,-
https://www.barcelona-airport.com/eng/flight-arrival/IB5455,IB5455,Iberia,Landed - On-time,Airbus A320 (sharklets),Palma Mallorca (PMI),2019-11-11,19:41,19:45,-,D84,Barcelona (BCN),2019-11-11,20:25,20:40,1-T1,-
https://www.barcelona-airport.com/eng/flight-arrival/QR3792,QR3792,Qatar Airways,Landed - On-time,Airbus A320 (sharklets),Palma Mallorca (PMI),2019-11-11,19:41,19:45,-,D84,Barcelona (BCN),2019-11-11,20:25,20:40,1-T1,-
https://www.barcelona-airport.com/eng/flight-arrival/WT8169,WT8169,Swiftair,Landed,Embraer 120 Brasilia,Palma Mallorca (PMI),2019-11-11,19:50,19:50,-,-,Barcelona (BCN),2019-11-11,20:50,20:50,-,-
https://www.barcelona-airport.com/eng/flight-arrival/FR9367,FR9367,Ryanair,Landed - Delayed,Boeing 737-800 (winglets) Passenger/BBJ2,Bologna (BLQ),2019-11-11,19:40,19:10,-,6,Barcelona (BCN),2019-11-11,21:15,20:55,2-T2,-
https://www.barcelona-airport.com/eng/flight-arrival/VY1940,VY1940,Vueling,Landed - On-time,Airbus A320neo,Madrid (MAD),2019-11-11,19:31,19:40,4,J48,Barcelona (BCN),2019-11-11,20:47,20:55,1-T1,-
https://www.barcelona-airport.com/eng/flight-arrival/IB5872,IB5872,Iberia,Landed - On-time,Airbus A320neo,Madrid (MAD),2019-11-11,19:31,19:40,4,J48,Barcelona (BCN),2019-11-11,20:47,20:55,1-T1,-
https://www.barcelona-airport.com/eng/flight-arrival/VY2219,VY2219,Vueling,Landed - On-time,Airbus A320neo,Sevilla (SVQ),2019-11-11,19:15,19:15,1,8,Barcelona (BCN),2019-11-11,20:58,20:55,1-T1,-
https://www.barcelona-airport.com/eng/flight-arrival/IB5197,IB5197,Iberia,Landed - On-time,Airbus A320neo,Sevilla (SVQ),2019-11-11,19:15,19:15,1,8,Barcelona (BCN),2019-11-11,20:58,20:55,1-T1,-
https://www.barcelona-airport.com/eng/flight-arrival/QR3518,QR3518,Qatar Airways,Landed - On-time,Airbus A320neo,Sevilla (SVQ),2019-11-11,19:15,19:15,1,8,Barcelona (BCN),2019-11-11,20:58,20:55,1-T1,-
https://www.barcelona-airport.com/eng/flight-arrival/VY2112,VY2112,Vueling,Landed - Delayed,Airbus A320neo,Malaga (AGP),2019-11-11,19:30,19:25,-,D42,Barcelona (BCN),2019-11-11,21:21,21:00,1-T1,-
https://www.barcelona-airport.com/eng/flight-arrival/IB5170,IB5170,Iberia,Landed - Delayed,Airbus A320neo,Malaga (AGP),2019-11-11,19:30,19:25,-,D42,Barcelona (BCN),2019-11-11,21:21,21:00,1-T1,-
https://www.barcelona-airport.com/eng/flight-arrival/QR3731,QR3731,Qatar Airways,Landed - Delayed,Airbus A320neo,Malaga (AGP),2019-11-11,19:30,19:25,-,D42,Barcelona (BCN),2019-11-11,21:21,21:00,1-T1,-
https://www.barcelona-airport.com/eng/flight-arrival/VY1423,VY1423,Vueling,Landed - On-time,Airbus A320 (sharklets),Bilbao (BIO),2019-11-11,19:48,19:50,O,1,Barcelona (BCN),2019-11-11,20:50,21:00,1-T1,-
https://www.barcelona-airport.com/eng/flight-arrival/IB5055,IB5055,Iberia,Landed - On-time,Airbus A320 (sharklets),Bilbao (BIO),2019-11-11,19:48,19:50,O,1,Barcelona (BCN),2019-11-11,20:50,21:00,1-T1,-
https://www.barcelona-airport.com/eng/flight-arrival/QR3523,QR3523,Qatar Airways,Landed - On-time,Airbus A320 (sharklets),Bilbao (BIO),2019-11-11,19:48,19:50,O,1,Barcelona (BCN),2019-11-11,20:50,21:00,1-T1,-
https://www.barcelona-airport.com/eng/flight-arrival/LX1946,LX1946,SWISS,Landed - On-time,Bombardier CS300,Geneva (GVA),2019-11-11,19:30,19:30,-,D25,Barcelona (BCN),2019-11-11,20:40,21:00,1-T1,-
https://www.barcelona-airport.com/eng/flight-arrival/FR6369,FR6369,Ryanair,Landed - On-time,Boeing 737-800 (winglets) Passenger/BBJ2,Palma Mallorca (PMI),2019-11-11,19:59,20:05,-,C38,Barcelona (BCN),2019-11-11,20:47,21:00,2-T2,-
https://www.barcelona-airport.com/eng/flight-arrival/U27383,U27383,easyJet,Landed - On-time,Airbus A319,Southend (SEN),2019-11-11,17:41,17:55,-,-,Barcelona (BCN),2019-11-11,20:34,21:00,2-T2,-
https://www.barcelona-airport.com/eng/flight-arrival/UX6102,UX6102,Air Europa,Landed - On-time,Boeing 737-800 (winglets) Passenger/BBJ2,Palma Mallorca (PMI),2019-11-11,20:07,20:15,-,D82,Barcelona (BCN),2019-11-11,20:51,21:05,1-T1,-
https://www.barcelona-airport.com/eng/flight-arrival/SU3649,SU3649,Aeroflot,Landed - On-time,Boeing 737-800 (winglets) Passenger/BBJ2,Palma Mallorca (PMI),2019-11-11,20:07,20:15,-,D82,Barcelona (BCN),2019-11-11,20:51,21:05,1-T1,-
https://www.barcelona-airport.com/eng/flight-arrival/VY1305,VY1305,Vueling,Landed - Delayed,Airbus A320 (sharklets),Alicante (ALC),2019-11-11,20:59,20:00,N,C45,Barcelona (BCN),2019-11-11,22:03,21:10,1-T1,-
https://www.barcelona-airport.com/eng/flight-arrival/IB5028,IB5028,Iberia,Landed - Delayed,Airbus A320 (sharklets),Alicante (ALC),2019-11-11,20:59,20:00,N,C45,Barcelona (BCN),2019-11-11,22:03,21:10,1-T1,-
https://www.barcelona-airport.com/eng/flight-arrival/QR3524,QR3524,Qatar Airways,Landed - Delayed,Airbus A320 (sharklets),Alicante (ALC),2019-11-11,20:59,20:00,N,C45,Barcelona (BCN),2019-11-11,22:03,21:10,1-T1,-
https://www.barcelona-airport.com/eng/flight-arrival/VY1578,VY1578,Vueling,Landed - On-time,Airbus A320 (sharklets),Asturias (OVD),2019-11-11,19:51,19:45,-,7,Barcelona (BCN),2019-11-11,21:11,21:10,1-T1,-
https://www.barcelona-airport.com/eng/flight-arrival/IB5101,IB5101,Iberia,Landed - On-time,Airbus A320 (sharklets),Asturias (OVD),2019-11-11,19:51,19:45,-,7,Barcelona (BCN),2019-11-11,21:11,21:10,1-T1,-
https://www.barcelona-airport.com/eng/flight-arrival/QR3679,QR3679,Qatar Airways,Landed - On-time,Airbus A320 (sharklets),Asturias (OVD),2019-11-11,19:51,19:45,-,7,Barcelona (BCN),2019-11-11,21:11,21:10,1-T1,-
https://www.barcelona-airport.com/eng/flight-arrival/VY8307,VY8307,Vueling,Landed - On-time,Airbus A320,Amsterdam (AMS),2019-11-11,18:59,19:00,3,B13,Barcelona (BCN),2019-11-11,20:54,21:15,1-T1,-
https://www.barcelona-airport.com/eng/flight-arrival/BA8118,BA8118,British Airways,Landed - On-time,Airbus A320,Amsterdam (AMS),2019-11-11,18:59,19:00,3,B13,Barcelona (BCN),2019-11-11,20:54,21:15,1-T1,-
https://www.barcelona-airport.com/eng/flight-arrival/IB5759,IB5759,Iberia,Landed - On-time,Airbus A320,Amsterdam (AMS),2019-11-11,18:59,19:00,3,B13,Barcelona (BCN),2019-11-11,20:54,21:15,1-T1,-
https://www.barcelona-airport.com/eng/flight-arrival/IB2000,IB2000,Iberia,Landed - On-time,Airbus A320neo,Madrid (MAD),2019-11-11,19:58,20:00,4,J54,Barcelona (BCN),2019-11-11,21:12,21:15,1-T1,-
https://www.barcelona-airport.com/eng/flight-arrival/JL6941,JL6941,JAL,Landed - On-time,Airbus A320neo,Madrid (MAD),2019-11-11,19:58,20:00,4,J54,Barcelona (BCN),2019-11-11,21:12,21:15,1-T1,-
https://www.barcelona-airport.com/eng/flight-arrival/U22767,U22767,easyJet,Landed - On-time,Airbus A319,Milan (MXP),2019-11-11,19:35,19:40,2,-,Barcelona (BCN),2019-11-11,20:59,21:15,2-T2,-
https://www.barcelona-airport.com/eng/flight-arrival/W63175,W63175,Wizz Air,Landed - On-time,Airbus A321 (sharklets),Bucharest (OTP),2019-11-11,18:55,18:55,-,-,Barcelona (BCN),2019-11-11,21:16,21:15,2-T2,-
https://www.barcelona-airport.com/eng/flight-arrival/W64405,W64405,Wizz Air,Landed - On-time,Airbus A321 (sharklets),Sofia (SOF),2019-11-11,19:10,19:10,T1,6,Barcelona (BCN),2019-11-11,21:06,21:15,2-T2,-
https://www.barcelona-airport.com/eng/flight-arrival/YW8471,YW8471,Air Nostrum,Landed,Canadair (Bombardier) Regional Jet 1000,Leon (LEN),2019-11-11,20:10,20:05,T,1,Barcelona (BCN),2019-11-11,21:30,21:30,1-T1,-
https://www.barcelona-airport.com/eng/flight-arrival/IB8471,IB8471,Iberia,Landed,Canadair (Bombardier) Regional Jet 1000,Leon (LEN),2019-11-11,20:10,20:05,T,1,Barcelona (BCN),2019-11-11,21:30,21:30,1-T1,-
https://www.barcelona-airport.com/eng/flight-arrival/QR6937,QR6937,Qatar Airways,Landed,Canadair (Bombardier) Regional Jet 1000,Leon (LEN),2019-11-11,20:10,20:05,T,1,Barcelona (BCN),2019-11-11,21:30,21:30,1-T1,-
https://www.barcelona-airport.com/eng/flight-arrival/FR4586,FR4586,Ryanair,Landed - On-time,Boeing 737-800 (winglets) Passenger/BBJ2,Porto (OPO),2019-11-11,18:36,18:40,-,-,Barcelona (BCN),2019-11-11,21:10,21:30,2-T2,-
https://www.barcelona-airport.com/eng/flight-arrival/UX7707,UX7707,Air Europa,Landed - On-time,Boeing 737-800 (winglets) Passenger/BBJ2,Madrid (MAD),2019-11-11,20:22,20:30,2,E76,Barcelona (BCN),2019-11-11,21:29,21:45,1-T1,-
https://www.barcelona-airport.com/eng/flight-arrival/AR7324,AR7324,Aerolineas Argentinas,Landed - On-time,Boeing 737-800 (winglets) Passenger/BBJ2,Madrid (MAD),2019-11-11,20:22,20:30,2,E76,Barcelona (BCN),2019-11-11,21:29,21:45,1-T1,-
https://www.barcelona-airport.com/eng/flight-arrival/KE6653,KE6653,Korean Air,Landed - On-time,Boeing 737-800 (winglets) Passenger/BBJ2,Madrid (MAD),2019-11-11,20:22,20:30,2,E76,Barcelona (BCN),2019-11-11,21:29,21:45,1-T1,-
https://www.barcelona-airport.com/eng/flight-arrival/SU3674,SU3674,Aeroflot,Landed - On-time,Boeing 737-800 (winglets) Passenger/BBJ2,Madrid (MAD),2019-11-11,20:22,20:30,2,E76,Barcelona (BCN),2019-11-11,21:29,21:45,1-T1,-
https://www.barcelona-airport.com/eng/flight-arrival/VY8021,VY8021,Vueling,Landed - On-time,Airbus A320 (sharklets),Paris (ORY),2019-11-11,20:25,20:05,OR,A17,Barcelona (BCN),2019-11-11,21:44,21:45,1-T1,-
https://www.barcelona-airport.com/eng/flight-arrival/BA8149,BA8149,British Airways,Landed - On-time,Airbus A320 (sharklets),Paris (ORY),2019-11-11,20:25,20:05,OR,A17,Barcelona (BCN),2019-11-11,21:44,21:45,1-T1,-
https://www.barcelona-airport.com/eng/flight-arrival/IB5275,IB5275,Iberia,Landed - On-time,Airbus A320 (sharklets),Paris (ORY),2019-11-11,20:25,20:05,OR,A17,Barcelona (BCN),2019-11-11,21:44,21:45,1-T1,-
https://www.barcelona-airport.com/eng/flight-arrival/VY6004,VY6004,Vueling,Landed - Delayed,Airbus A319,Florence (FLR),2019-11-11,20:33,20:10,-,5,Barcelona (BCN),2019-11-11,22:07,21:50,1-T1,-
https://www.barcelona-airport.com/eng/flight-arrival/BA8167,BA8167,British Airways,Landed - Delayed,Airbus A319,Florence (FLR),2019-11-11,20:33,20:10,-,5,Barcelona (BCN),2019-11-11,22:07,21:50,1-T1,-
https://www.barcelona-airport.com/eng/flight-arrival/IB5509,IB5509,Iberia,Landed - Delayed,Airbus A319,Florence (FLR),2019-11-11,20:33,20:10,-,5,Barcelona (BCN),2019-11-11,22:07,21:50,1-T1,-
https://www.barcelona-airport.com/eng/flight-arrival/QR3569,QR3569,Qatar Airways,Landed - Delayed,Airbus A319,Florence (FLR),2019-11-11,20:33,20:10,-,5,Barcelona (BCN),2019-11-11,22:07,21:50,1-T1,-
https://www.barcelona-airport.com/eng/flight-arrival/LH1816,LH1816,Lufthansa,Landed - Delayed,Airbus A320 (sharklets),Munich (MUC),2019-11-11,20:40,19:50,2,K23,Barcelona (BCN),2019-11-11,22:29,21:55,1-T1,-
https://www.barcelona-airport.com/eng/flight-arrival/A31476,A31476,Aegean Airlines,Landed - Delayed,Airbus A320 (sharklets),Munich (MUC),2019-11-11,20:40,19:50,2,K23,Barcelona (BCN),2019-11-11,22:29,21:55,1-T1,-
https://www.barcelona-airport.com/eng/flight-arrival/NH6077,NH6077,ANA,Landed - Delayed,Airbus A320 (sharklets),Munich (MUC),2019-11-11,20:40,19:50,2,K23,Barcelona (BCN),2019-11-11,22:29,21:55,1-T1,-
https://www.barcelona-airport.com/eng/flight-arrival/SK3310,SK3310,SAS,Landed - Delayed,Airbus A320 (sharklets),Munich (MUC),2019-11-11,20:40,19:50,2,K23,Barcelona (BCN),2019-11-11,22:29,21:55,1-T1,-
https://www.barcelona-airport.com/eng/flight-arrival/UA9299,UA9299,United Airlines,Landed - Delayed,Airbus A320 (sharklets),Munich (MUC),2019-11-11,20:40,19:50,2,K23,Barcelona (BCN),2019-11-11,22:29,21:55,1-T1,-
https://www.barcelona-airport.com/eng/flight-arrival/VY3917,VY3917,Vueling,Landed - On-time,Airbus A320,Palma Mallorca (PMI),2019-11-11,21:01,21:10,-,D84,Barcelona (BCN),2019-11-11,21:59,22:05,1-T1,-
https://www.barcelona-airport.com/eng/flight-arrival/IB5461,IB5461,Iberia,Landed - On-time,Airbus A320,Palma Mallorca (PMI),2019-11-11,21:01,21:10,-,D84,Barcelona (BCN),2019-11-11,21:59,22:05,1-T1,-
https://www.barcelona-airport.com/eng/flight-arrival/QR3625,QR3625,Qatar Airways,Landed - On-time,Airbus A320,Palma Mallorca (PMI),2019-11-11,21:01,21:10,-,D84,Barcelona (BCN),2019-11-11,21:59,22:05,1-T1,-
https://www.barcelona-airport.com/eng/flight-arrival/BA482,BA482,British Airways,Landed - On-time,Airbus A320,London (LHR),2019-11-11,19:10,19:10,3,32,Barcelona (BCN),2019-11-11,22:08,22:15,1-T1,-
https://www.barcelona-airport.com/eng/flight-arrival/AA6294,AA6294,American Airlines,Landed - On-time,Airbus A320,London (LHR),2019-11-11,19:10,19:10,3,32,Barcelona (BCN),2019-11-11,22:08,22:15,1-T1,-
https://www.barcelona-airport.com/eng/flight-arrival/IB7483,IB7483,Iberia,Landed - On-time,Airbus A320,London (LHR),2019-11-11,19:10,19:10,3,32,Barcelona (BCN),2019-11-11,22:08,22:15,1-T1,-
https://www.barcelona-airport.com/eng/flight-arrival/JL7743,JL7743,JAL,Landed - On-time,Airbus A320,London (LHR),2019-11-11,19:10,19:10,3,32,Barcelona (BCN),2019-11-11,22:08,22:15,1-T1,-
https://www.barcelona-airport.com/eng/flight-arrival/IB2100,IB2100,Iberia,Landed - On-time,Airbus A321,Madrid (MAD),2019-11-11,20:59,21:00,4,J48,Barcelona (BCN),2019-11-11,22:04,22:15,1-T1,-
https://www.barcelona-airport.com/eng/flight-arrival/JL6981,JL6981,JAL,Landed - On-time,Airbus A321,Madrid (MAD),2019-11-11,20:59,21:00,4,J48,Barcelona (BCN),2019-11-11,22:04,22:15,1-T1,-
https://www.barcelona-airport.com/eng/flight-arrival/LA7062,LA7062,LATAM Airlines,Landed - On-time,Airbus A321,Madrid (MAD),2019-11-11,20:59,21:00,4,J48,Barcelona (BCN),2019-11-11,22:04,22:15,1-T1,-
https://www.barcelona-airport.com/eng/flight-arrival/VY3711,VY3711,Vueling,Landed - On-time,Airbus A320 (sharklets),Menorca (MAH),2019-11-11,21:13,21:25,1,06,Barcelona (BCN),2019-11-11,21:55,22:15,1-T1,-
https://www.barcelona-airport.com/eng/flight-arrival/IB5433,IB5433,Iberia,Landed - On-time,Airbus A320 (sharklets),Menorca (MAH),2019-11-11,21:13,21:25,1,06,Barcelona (BCN),2019-11-11,21:55,22:15,1-T1,-
https://www.barcelona-airport.com/eng/flight-arrival/QR3649,QR3649,Qatar Airways,Landed - On-time,Airbus A320 (sharklets),Menorca (MAH),2019-11-11,21:13,21:25,1,06,Barcelona (BCN),2019-11-11,21:55,22:15,1-T1,-
https://www.barcelona-airport.com/eng/flight-arrival/U24419,U24419,easyJet,Landed - On-time,Airbus A320 (sharklets),Lyon (LYS),2019-11-11,21:00,21:00,1,-,Barcelona (BCN),2019-11-11,22:11,22:20,2-T2,-
https://www.barcelona-airport.com/eng/flight-arrival/VY6249,VY6249,Vueling,Landed - On-time,Airbus A320 (sharklets),Zurich (ZRH),2019-11-11,20:27,20:35,1,A66,Barcelona (BCN),2019-11-11,21:53,22:20,1-T1,-
https://www.barcelona-airport.com/eng/flight-arrival/IB5575,IB5575,Iberia,Landed - On-time,Airbus A320 (sharklets),Zurich (ZRH),2019-11-11,20:27,20:35,1,A66,Barcelona (BCN),2019-11-11,21:53,22:20,1-T1,-
https://www.barcelona-airport.com/eng/flight-arrival/U23921,U23921,easyJet,Landed - On-time,Airbus A320 (sharklets),Paris (CDG),2019-11-11,20:43,20:45,2D,-,Barcelona (BCN),2019-11-11,22:13,22:30,2-T2,-
https://www.barcelona-airport.com/eng/flight-arrival/FR8393,FR8393,Ryanair,Landed - On-time,Boeing 737-800 (winglets) Passenger/BBJ2,Budapest (BUD),2019-11-11,20:04,20:00,2B,-,Barcelona (BCN),2019-11-11,22:30,22:35,2-T2,-
https://www.barcelona-airport.com/eng/flight-arrival/SU2512,SU2512,Aeroflot,En Route - Delayed,Airbus A321 (sharklets),Moscow (SVO),2019-11-11,21:08,19:50,F,56,Barcelona (BCN),2019-11-11,23:49,22:35,1-T1,-
https://www.barcelona-airport.com/eng/flight-arrival/UX3288,UX3288,Air Europa,En Route - Delayed,Airbus A321 (sharklets),Moscow (SVO),2019-11-11,21:08,19:50,F,56,Barcelona (BCN),2019-11-11,23:49,22:35,1-T1,-
https://www.barcelona-airport.com/eng/flight-arrival/VY7825,VY7825,Vueling,Landed - On-time,Airbus A321 (sharklets),London (LGW),2019-11-11,19:39,19:35,S,27,Barcelona (BCN),2019-11-11,22:28,22:40,1-T1,-
https://www.barcelona-airport.com/eng/flight-arrival/BA8071,BA8071,British Airways,Landed - On-time,Airbus A321 (sharklets),London (LGW),2019-11-11,19:39,19:35,S,27,Barcelona (BCN),2019-11-11,22:28,22:40,1-T1,-
https://www.barcelona-airport.com/eng/flight-arrival/IB5706,IB5706,Iberia,Landed - On-time,Airbus A321 (sharklets),London (LGW),2019-11-11,19:39,19:35,S,27,Barcelona (BCN),2019-11-11,22:28,22:40,1-T1,-
https://www.barcelona-airport.com/eng/flight-arrival/VY1817,VY1817,Vueling,Landed - On-time,Airbus A321 (sharklets),Munich (MUC),2019-11-11,20:30,20:30,1,D22,Barcelona (BCN),2019-11-11,22:17,22:40,1-T1,-
https://www.barcelona-airport.com/eng/flight-arrival/BA8078,BA8078,British Airways,Landed - On-time,Airbus A321 (sharklets),Munich (MUC),2019-11-11,20:30,20:30,1,D22,Barcelona (BCN),2019-11-11,22:17,22:40,1-T1,-
https://www.barcelona-airport.com/eng/flight-arrival/IB5136,IB5136,Iberia,Landed - On-time,Airbus A321 (sharklets),Munich (MUC),2019-11-11,20:30,20:30,1,D22,Barcelona (BCN),2019-11-11,22:17,22:40,1-T1,-
https://www.barcelona-airport.com/eng/flight-arrival/VY3919,VY3919,Vueling,Landed - On-time,Airbus A320,Palma Mallorca (PMI),2019-11-11,21:26,21:45,-,D82,Barcelona (BCN),2019-11-11,22:17,22:40,1-T1,-
https://www.barcelona-airport.com/eng/flight-arrival/IB5462,IB5462,Iberia,Landed - On-time,Airbus A320,Palma Mallorca (PMI),2019-11-11,21:26,21:45,-,D82,Barcelona (BCN),2019-11-11,22:17,22:40,1-T1,-
https://www.barcelona-airport.com/eng/flight-arrival/QR3619,QR3619,Qatar Airways,Landed - On-time,Airbus A320,Palma Mallorca (PMI),2019-11-11,21:26,21:45,-,D82,Barcelona (BCN),2019-11-11,22:17,22:40,1-T1,-
https://www.barcelona-airport.com/eng/flight-arrival/VY1437,VY1437,Vueling,Landed - On-time,Airbus A320neo,Bilbao (BIO),2019-11-11,21:20,21:35,O,4,Barcelona (BCN),2019-11-11,22:25,22:45,1-T1,-
https://www.barcelona-airport.com/eng/flight-arrival/IB5065,IB5065,Iberia,Landed - On-time,Airbus A320neo,Bilbao (BIO),2019-11-11,21:20,21:35,O,4,Barcelona (BCN),2019-11-11,22:25,22:45,1-T1,-
https://www.barcelona-airport.com/eng/flight-arrival/QR3636,QR3636,Qatar Airways,Landed - On-time,Airbus A320neo,Bilbao (BIO),2019-11-11,21:20,21:35,O,4,Barcelona (BCN),2019-11-11,22:25,22:45,1-T1,-
https://www.barcelona-airport.com/eng/flight-arrival/D85559,D85559,Norwegian Air International,Landed - On-time,Boeing 737-800 (winglets) Passenger/BBJ2,Gothenburg (GOT),2019-11-11,19:37,19:45,T1,14,Barcelona (BCN),2019-11-11,22:24,22:45,2-T2,-
https://www.barcelona-airport.com/eng/flight-arrival/VY6107,VY6107,Vueling,Landed - On-time,Airbus A321 (sharklets),Rome (FCO),2019-11-11,21:14,21:00,1,D2,Barcelona (BCN),2019-11-11,22:54,22:50,1-T1,-
https://www.barcelona-airport.com/eng/flight-arrival/BA8100,BA8100,British Airways,Landed - On-time,Airbus A321 (sharklets),Rome (FCO),2019-11-11,21:14,21:00,1,D2,Barcelona (BCN),2019-11-11,22:54,22:50,1-T1,-
https://www.barcelona-airport.com/eng/flight-arrival/IB5179,IB5179,Iberia,Landed - On-time,Airbus A321 (sharklets),Rome (FCO),2019-11-11,21:14,21:00,1,D2,Barcelona (BCN),2019-11-11,22:54,22:50,1-T1,-
https://www.barcelona-airport.com/eng/flight-arrival/QR3555,QR3555,Qatar Airways,Landed - On-time,Airbus A321 (sharklets),Rome (FCO),2019-11-11,21:14,21:00,1,D2,Barcelona (BCN),2019-11-11,22:54,22:50,1-T1,-
https://www.barcelona-airport.com/eng/flight-arrival/VY6337,VY6337,Vueling,En Route - Delayed,Airbus A320,Milan (MXP),2019-11-11,21:49,21:15,1,-,Barcelona (BCN),2019-11-11,23:27,22:50,1-T1,-
https://www.barcelona-airport.com/eng/flight-arrival/BA8845,BA8845,British Airways,En Route - Delayed,Airbus A320,Milan (MXP),2019-11-11,21:49,21:15,1,-,Barcelona (BCN),2019-11-11,23:27,22:50,1-T1,-
https://www.barcelona-airport.com/eng/flight-arrival/IB5743,IB5743,Iberia,En Route - Delayed,Airbus A320,Milan (MXP),2019-11-11,21:49,21:15,1,-,Barcelona (BCN),2019-11-11,23:27,22:50,1-T1,-
https://www.barcelona-airport.com/eng/flight-arrival/FR6397,FR6397,Ryanair,Landed - On-time,Boeing 737-800 (winglets) Passenger/BBJ2,Sevilla (SVQ),2019-11-11,21:14,21:10,1,10,Barcelona (BCN),2019-11-11,22:48,22:50,2-T2,-
https://www.barcelona-airport.com/eng/flight-arrival/U21081,U21081,easyJet,Landed - On-time,Airbus A320,"Basel, Switzerland/Mulhouse (BSL)",2019-11-11,21:04,21:15,-,-,Barcelona (BCN),2019-11-11,22:35,22:55,2-T2,-
https://www.barcelona-airport.com/eng/flight-arrival/AF1448,AF1448,Air France,Landed - On-time,Airbus A320,Paris (CDG),2019-11-11,21:03,21:05,2F,F56,Barcelona (BCN),2019-11-11,22:27,22:55,1-T1,-
https://www.barcelona-airport.com/eng/flight-arrival/AM6031,AM6031,Aeromexico,Landed - On-time,Airbus A320,Paris (CDG),2019-11-11,21:03,21:05,2F,F56,Barcelona (BCN),2019-11-11,22:27,22:55,1-T1,-
https://www.barcelona-airport.com/eng/flight-arrival/G35279,G35279,Gol,Landed - On-time,Airbus A320,Paris (CDG),2019-11-11,21:03,21:05,2F,F56,Barcelona (BCN),2019-11-11,22:27,22:55,1-T1,-
https://www.barcelona-airport.com/eng/flight-arrival/JL5353,JL5353,JAL,Landed - On-time,Airbus A320,Paris (CDG),2019-11-11,21:03,21:05,2F,F56,Barcelona (BCN),2019-11-11,22:27,22:55,1-T1,-
https://www.barcelona-airport.com/eng/flight-arrival/JU7811,JU7811,Air Serbia,Landed - On-time,Airbus A320,Paris (CDG),2019-11-11,21:03,21:05,2F,F56,Barcelona (BCN),2019-11-11,22:27,22:55,1-T1,-
https://www.barcelona-airport.com/eng/flight-arrival/KE6341,KE6341,Korean Air,Landed - On-time,Airbus A320,Paris (CDG),2019-11-11,21:03,21:05,2F,F56,Barcelona (BCN),2019-11-11,22:27,22:55,1-T1,-
https://www.barcelona-airport.com/eng/flight-arrival/KK7463,KK7463,Atlasglobal,Landed - On-time,Airbus A320,Paris (CDG),2019-11-11,21:03,21:05,2F,F56,Barcelona (BCN),2019-11-11,22:27,22:55,1-T1,-
https://www.barcelona-airport.com/eng/flight-arrival/MU8637,MU8637,China Eastern Airlines,Landed - On-time,Airbus A320,Paris (CDG),2019-11-11,21:03,21:05,2F,F56,Barcelona (BCN),2019-11-11,22:27,22:55,1-T1,-
https://www.barcelona-airport.com/eng/flight-arrival/UX2223,UX2223,Air Europa,Landed - On-time,Airbus A320,Paris (CDG),2019-11-11,21:03,21:05,2F,F56,Barcelona (BCN),2019-11-11,22:27,22:55,1-T1,-
https://www.barcelona-airport.com/eng/flight-arrival/VN3674,VN3674,Vietnam Airlines,Landed - On-time,Airbus A320,Paris (CDG),2019-11-11,21:03,21:05,2F,F56,Barcelona (BCN),2019-11-11,22:27,22:55,1-T1,-
https://www.barcelona-airport.com/eng/flight-arrival/U28581,U28581,easyJet,En Route - Delayed,Airbus A320 (sharklets),London (LGW),2019-11-11,20:20,19:50,N,51,Barcelona (BCN),2019-11-11,23:21,22:55,2-T2,-
https://www.barcelona-airport.com/eng/flight-arrival/VY8749,VY8749,Vueling,Landed - On-time,Airbus A320 (sharklets),Manchester (MAN),2019-11-11,19:44,19:40,3,-,Barcelona (BCN),2019-11-11,22:39,22:55,1-T1,-
https://www.barcelona-airport.com/eng/flight-arrival/IB5818,IB5818,Iberia,Landed - On-time,Airbus A320 (sharklets),Manchester (MAN),2019-11-11,19:44,19:40,3,-,Barcelona (BCN),2019-11-11,22:39,22:55,1-T1,-
https://www.barcelona-airport.com/eng/flight-arrival/IB2146,IB2146,Iberia,Landed - On-time,Airbus A321,Madrid (MAD),2019-11-11,21:39,21:45,4,J54,Barcelona (BCN),2019-11-11,22:56,23:00,1-T1,-
https://www.barcelona-airport.com/eng/flight-arrival/LA7065,LA7065,LATAM Airlines,Landed - On-time,Airbus A321,Madrid (MAD),2019-11-11,21:39,21:45,4,J54,Barcelona (BCN),2019-11-11,22:56,23:00,1-T1,-
https://www.barcelona-airport.com/eng/flight-arrival/KL1681,KL1681,KLM,En Route - On-time,Boeing 737-800 (winglets) Passenger/BBJ2,Amsterdam (AMS),2019-11-11,21:13,20:55,1,D59,Barcelona (BCN),2019-11-11,23:17,23:05,1-T1,-
https://www.barcelona-airport.com/eng/flight-arrival/AM6510,AM6510,Aeromexico,En Route - On-time,Boeing 737-800 (winglets) Passenger/BBJ2,Amsterdam (AMS),2019-11-11,21:13,20:55,1,D59,Barcelona (BCN),2019-11-11,23:17,23:05,1-T1,-
https://www.barcelona-airport.com/eng/flight-arrival/CZ7713,CZ7713,China Southern Airlines,En Route - On-time,Boeing 737-800 (winglets) Passenger/BBJ2,Amsterdam (AMS),2019-11-11,21:13,20:55,1,D59,Barcelona (BCN),2019-11-11,23:17,23:05,1-T1,-
https://www.barcelona-airport.com/eng/flight-arrival/EY7327,EY7327,Etihad Airways,En Route - On-time,Boeing 737-800 (winglets) Passenger/BBJ2,Amsterdam (AMS),2019-11-11,21:13,20:55,1,D59,Barcelona (BCN),2019-11-11,23:17,23:05,1-T1,-
https://www.barcelona-airport.com/eng/flight-arrival/G35507,G35507,Gol,En Route - On-time,Boeing 737-800 (winglets) Passenger/BBJ2,Amsterdam (AMS),2019-11-11,21:13,20:55,1,D59,Barcelona (BCN),2019-11-11,23:17,23:05,1-T1,-
https://www.barcelona-airport.com/eng/flight-arrival/KE6413,KE6413,Korean Air,En Route - On-time,Boeing 737-800 (winglets) Passenger/BBJ2,Amsterdam (AMS),2019-11-11,21:13,20:55,1,D59,Barcelona (BCN),2019-11-11,23:17,23:05,1-T1,-
https://www.barcelona-airport.com/eng/flight-arrival/MF9707,MF9707,Xiamen Airlines,En Route - On-time,Boeing 737-800 (winglets) Passenger/BBJ2,Amsterdam (AMS),2019-11-11,21:13,20:55,1,D59,Barcelona (BCN),2019-11-11,23:17,23:05,1-T1,-
https://www.barcelona-airport.com/eng/flight-arrival/MU1843,MU1843,China Eastern Airlines,En Route - On-time,Boeing 737-800 (winglets) Passenger/BBJ2,Amsterdam (AMS),2019-11-11,21:13,20:55,1,D59,Barcelona (BCN),2019-11-11,23:17,23:05,1-T1,-
https://www.barcelona-airport.com/eng/flight-arrival/VY3519,VY3519,Vueling,Landed - On-time,Airbus A320 (sharklets),Ibiza (IBZ),2019-11-11,22:04,22:10,1,07,Barcelona (BCN),2019-11-11,22:53,23:05,1-T1,-
https://www.barcelona-airport.com/eng/flight-arrival/IB5426,IB5426,Iberia,Landed - On-time,Airbus A320 (sharklets),Ibiza (IBZ),2019-11-11,22:04,22:10,1,07,Barcelona (BCN),2019-11-11,22:53,23:05,1-T1,-
https://www.barcelona-airport.com/eng/flight-arrival/QR3608,QR3608,Qatar Airways,Landed - On-time,Airbus A320 (sharklets),Ibiza (IBZ),2019-11-11,22:04,22:10,1,07,Barcelona (BCN),2019-11-11,22:53,23:05,1-T1,-
https://www.barcelona-airport.com/eng/flight-arrival/FR1526,FR1526,Ryanair,En Route - On-time,Boeing 737-800 (winglets) Passenger/BBJ2,Malta (MLA),2019-11-11,21:03,20:50,-,-,Barcelona (BCN),2019-11-11,23:11,23:05,2-T2,-
https://www.barcelona-airport.com/eng/flight-arrival/FR6945,FR6945,Ryanair,Landed - On-time,Boeing 737-800 (winglets) Passenger/BBJ2,Modlin (WMI),2019-11-11,20:09,19:55,-,-,Barcelona (BCN),2019-11-11,23:12,23:05,2-T2,-
https://www.barcelona-airport.com/eng/flight-arrival/AZ78,AZ78,Alitalia,Landed - On-time,Airbus A320,Rome (FCO),2019-11-11,21:28,21:25,1,B20,Barcelona (BCN),2019-11-11,23:12,23:15,1-T1,-
https://www.barcelona-airport.com/eng/flight-arrival/AR7228,AR7228,Aerolineas Argentinas,Landed - On-time,Airbus A320,Rome (FCO),2019-11-11,21:28,21:25,1,B20,Barcelona (BCN),2019-11-11,23:12,23:15,1-T1,-
https://www.barcelona-airport.com/eng/flight-arrival/FB1729,FB1729,Bulgaria Air,Landed - On-time,Airbus A320,Rome (FCO),2019-11-11,21:28,21:25,1,B20,Barcelona (BCN),2019-11-11,23:12,23:15,1-T1,-
https://www.barcelona-airport.com/eng/flight-arrival/JU7264,JU7264,Air Serbia,Landed - On-time,Airbus A320,Rome (FCO),2019-11-11,21:28,21:25,1,B20,Barcelona (BCN),2019-11-11,23:12,23:15,1-T1,-
https://www.barcelona-airport.com/eng/flight-arrival/KE6283,KE6283,Korean Air,Landed - On-time,Airbus A320,Rome (FCO),2019-11-11,21:28,21:25,1,B20,Barcelona (BCN),2019-11-11,23:12,23:15,1-T1,-
https://www.barcelona-airport.com/eng/flight-arrival/MU8195,MU8195,China Eastern Airlines,Landed - On-time,Airbus A320,Rome (FCO),2019-11-11,21:28,21:25,1,B20,Barcelona (BCN),2019-11-11,23:12,23:15,1-T1,-
https://www.barcelona-airport.com/eng/flight-arrival/UX3129,UX3129,Air Europa,Landed - On-time,Airbus A320,Rome (FCO),2019-11-11,21:28,21:25,1,B20,Barcelona (BCN),2019-11-11,23:12,23:15,1-T1,-
https://www.barcelona-airport.com/eng/flight-arrival/LH1138,LH1138,Lufthansa,En Route - On-time,Airbus A319,Frankfurt (FRA),2019-11-11,21:18,21:15,1,A20,Barcelona (BCN),2019-11-11,23:22,23:15,1-T1,-
https://www.barcelona-airport.com/eng/flight-arrival/CA6293,CA6293,Air China LTD,En Route - On-time,Airbus A319,Frankfurt (FRA),2019-11-11,21:18,21:15,1,A20,Barcelona (BCN),2019-11-11,23:22,23:15,1-T1,-
https://www.barcelona-airport.com/eng/flight-arrival/SK3380,SK3380,SAS,En Route - On-time,Airbus A319,Frankfurt (FRA),2019-11-11,21:18,21:15,1,A20,Barcelona (BCN),2019-11-11,23:22,23:15,1-T1,-
https://www.barcelona-airport.com/eng/flight-arrival/TG7656,TG7656,Thai Airways International,En Route - On-time,Airbus A319,Frankfurt (FRA),2019-11-11,21:18,21:15,1,A20,Barcelona (BCN),2019-11-11,23:22,23:15,1-T1,-
https://www.barcelona-airport.com/eng/flight-arrival/D85503,D85503,Norwegian Air International,En Route - Delayed,Boeing 737-800 (winglets) Passenger/BBJ2,London (LGW),2019-11-11,20:34,20:15,S,17,Barcelona (BCN),2019-11-11,23:43,23:15,2-T2,-
https://www.barcelona-airport.com/eng/flight-arrival/VY2118,VY2118,Vueling,En Route - On-time,Airbus A320 (sharklets),Malaga (AGP),2019-11-11,21:44,21:45,-,D48,Barcelona (BCN),2019-11-11,23:23,23:20,1-T1,-
https://www.barcelona-airport.com/eng/flight-arrival/IB5176,IB5176,Iberia,En Route - On-time,Airbus A320 (sharklets),Malaga (AGP),2019-11-11,21:44,21:45,-,D48,Barcelona (BCN),2019-11-11,23:23,23:20,1-T1,-
https://www.barcelona-airport.com/eng/flight-arrival/QR3511,QR3511,Qatar Airways,En Route - On-time,Airbus A320 (sharklets),Malaga (AGP),2019-11-11,21:44,21:45,-,D48,Barcelona (BCN),2019-11-11,23:23,23:20,1-T1,-
https://www.barcelona-airport.com/eng/flight-arrival/FR9814,FR9814,Ryanair,En Route - On-time,Boeing 737-800 (winglets) Passenger/BBJ2,London (STN),2019-11-11,20:15,20:05,1,-,Barcelona (BCN),2019-11-11,23:18,23:20,2-T2,-
https://www.barcelona-airport.com/eng/flight-arrival/VY1705,VY1705,Vueling,Landed - On-time,Airbus A320 (sharklets),Vigo (VGO),2019-11-11,21:43,21:40,1,5,Barcelona (BCN),2019-11-11,23:10,23:20,1-T1,-
https://www.barcelona-airport.com/eng/flight-arrival/IB5129,IB5129,Iberia,Landed - On-time,Airbus A320 (sharklets),Vigo (VGO),2019-11-11,21:43,21:40,1,5,Barcelona (BCN),2019-11-11,23:10,23:20,1-T1,-
https://www.barcelona-airport.com/eng/flight-arrival/QR3596,QR3596,Qatar Airways,Landed - On-time,Airbus A320 (sharklets),Vigo (VGO),2019-11-11,21:43,21:40,1,5,Barcelona (BCN),2019-11-11,23:10,23:20,1-T1,-
https://www.barcelona-airport.com/eng/flight-arrival/VY8241,VY8241,Vueling,En Route - Delayed,Airbus A320neo,Paris (CDG),2019-11-11,22:10,21:40,3,10,Barcelona (BCN),2019-11-11,23:51,23:25,1-T1,-
https://www.barcelona-airport.com/eng/flight-arrival/BA8831,BA8831,British Airways,En Route - Delayed,Airbus A320neo,Paris (CDG),2019-11-11,22:10,21:40,3,10,Barcelona (BCN),2019-11-11,23:51,23:25,1-T1,-
https://www.barcelona-airport.com/eng/flight-arrival/IB5740,IB5740,Iberia,En Route - Delayed,Airbus A320neo,Paris (CDG),2019-11-11,22:10,21:40,3,10,Barcelona (BCN),2019-11-11,23:51,23:25,1-T1,-
https://www.barcelona-airport.com/eng/flight-arrival/FR8140,FR8140,Ryanair,En Route - On-time,Boeing 737-800 (winglets) Passenger/BBJ2,Ibiza (IBZ),2019-11-11,22:25,22:30,1,15,Barcelona (BCN),2019-11-11,23:14,23:25,2-T2,-
https://www.barcelona-airport.com/eng/flight-arrival/FR6366,FR6366,Ryanair,En Route - On-time,Boeing 737-800 (winglets) Passenger/BBJ2,Milan (BGY),2019-11-11,21:47,21:50,-,-,Barcelona (BCN),2019-11-11,23:22,23:30,2-T2,-
https://www.barcelona-airport.com/eng/flight-arrival/VY1509,VY1509,Vueling,En Route - Delayed,Airbus A320 (sharklets),Marseille (MRS),2019-11-11,22:52,22:25,1,-,Barcelona (BCN),2019-11-11,23:57,23:30,1-T1,-
https://www.barcelona-airport.com/eng/flight-arrival/IB5090,IB5090,Iberia,En Route - Delayed,Airbus A320 (sharklets),Marseille (MRS),2019-11-11,22:52,22:25,1,-,Barcelona (BCN),2019-11-11,23:57,23:30,1-T1,-
https://www.barcelona-airport.com/eng/flight-arrival/LA5830,LA5830,LATAM Airlines,En Route - Delayed,Airbus A320 (sharklets),Marseille (MRS),2019-11-11,22:52,22:25,1,-,Barcelona (BCN),2019-11-11,23:57,23:30,1-T1,-
https://www.barcelona-airport.com/eng/flight-arrival/VY8023,VY8023,Vueling,En Route - On-time,Airbus A320neo,Paris (ORY),2019-11-11,21:48,21:50,OR,A17,Barcelona (BCN),2019-11-11,23:24,23:30,1-T1,-
https://www.barcelona-airport.com/eng/flight-arrival/BA8151,BA8151,British Airways,En Route - On-time,Airbus A320neo,Paris (ORY),2019-11-11,21:48,21:50,OR,A17,Barcelona (BCN),2019-11-11,23:24,23:30,1-T1,-
https://www.barcelona-airport.com/eng/flight-arrival/IB5277,IB5277,Iberia,En Route - On-time,Airbus A320neo,Paris (ORY),2019-11-11,21:48,21:50,OR,A17,Barcelona (BCN),2019-11-11,23:24,23:30,1-T1,-
https://www.barcelona-airport.com/eng/flight-arrival/VY8991,VY8991,Vueling,En Route - On-time,Airbus A320,Brussels (BRU),2019-11-11,21:33,21:35,-,A45,Barcelona (BCN),2019-11-11,23:33,23:35,1-T1,-
https://www.barcelona-airport.com/eng/flight-arrival/IB5846,IB5846,Iberia,En Route - On-time,Airbus A320,Brussels (BRU),2019-11-11,21:33,21:35,-,A45,Barcelona (BCN),2019-11-11,23:33,23:35,1-T1,-
https://www.barcelona-airport.com/eng/flight-arrival/LA5810,LA5810,LATAM Airlines,En Route - On-time,Airbus A320,Brussels (BRU),2019-11-11,21:33,21:35,-,A45,Barcelona (BCN),2019-11-11,23:33,23:35,1-T1,-
https://www.barcelona-airport.com/eng/flight-arrival/D85621,D85621,Norwegian Air International,En Route - On-time,Boeing 737-800 (winglets) Passenger/BBJ2,Helsinki (HEL),2019-11-11,20:39,20:40,2,19,Barcelona (BCN),2019-11-11,23:35,23:35,2-T2,-
https://www.barcelona-airport.com/eng/flight-arrival/FR4596,FR4596,Ryanair,En Route - On-time,Boeing 737-800 (winglets) Passenger/BBJ2,Porto (OPO),2019-11-11,20:40,20:45,-,-,Barcelona (BCN),2019-11-11,23:22,23:35,2-T2,-
https://www.barcelona-airport.com/eng/flight-arrival/FR2508,FR2508,Ryanair,En Route - On-time,Boeing 737-800 (winglets) Passenger/BBJ2,Cologne (CGN),2019-11-11,21:30,21:30,-,-,Barcelona (BCN),2019-11-11,23:46,23:40,2-T2,-
https://www.barcelona-airport.com/eng/flight-arrival/TP1042,TP1042,TAP Air Portugal,En Route - On-time,Airbus A320,Lisbon (LIS),2019-11-11,20:53,20:50,1,-,Barcelona (BCN),2019-11-11,23:46,23:40,1-T1,-
https://www.barcelona-airport.com/eng/flight-arrival/AC6940,AC6940,Air Canada,En Route - On-time,Airbus A320,Lisbon (LIS),2019-11-11,20:53,20:50,1,-,Barcelona (BCN),2019-11-11,23:46,23:40,1-T1,-
https://www.barcelona-airport.com/eng/flight-arrival/AD7297,AD7297,Azul,En Route - On-time,Airbus A320,Lisbon (LIS),2019-11-11,20:53,20:50,1,-,Barcelona (BCN),2019-11-11,23:46,23:40,1-T1,-
https://www.barcelona-airport.com/eng/flight-arrival/S48692,S48692,Azores Airlines,En Route - On-time,Airbus A320,Lisbon (LIS),2019-11-11,20:53,20:50,1,-,Barcelona (BCN),2019-11-11,23:46,23:40,1-T1,-
https://www.barcelona-airport.com/eng/flight-arrival/UA6870,UA6870,United Airlines,En Route - On-time,Airbus A320,Lisbon (LIS),2019-11-11,20:53,20:50,1,-,Barcelona (BCN),2019-11-11,23:46,23:40,1-T1,-
https://www.barcelona-airport.com/eng/flight-arrival/WT114,WT114,Swiftair,Scheduled,Embraer 120 Brasilia,Palma Mallorca (PMI),2019-11-11,22:45,22:45,-,-,Barcelona (BCN),2019-11-11,23:45,23:45,-,-
https://www.barcelona-airport.com/eng/flight-arrival/VY6403,VY6403,Vueling,En Route - On-time,Airbus A320,Venice (VCE),2019-11-11,21:42,21:50,-,-,Barcelona (BCN),2019-11-11,23:33,23:45,1-T1,-
https://www.barcelona-airport.com/eng/flight-arrival/BA8162,BA8162,British Airways,En Route - On-time,Airbus A320,Venice (VCE),2019-11-11,21:42,21:50,-,-,Barcelona (BCN),2019-11-11,23:33,23:45,1-T1,-
https://www.barcelona-airport.com/eng/flight-arrival/IB5595,IB5595,Iberia,En Route - On-time,Airbus A320,Venice (VCE),2019-11-11,21:42,21:50,-,-,Barcelona (BCN),2019-11-11,23:33,23:45,1-T1,-
https://www.barcelona-airport.com/eng/flight-arrival/LA5800,LA5800,LATAM Airlines,En Route - On-time,Airbus A320,Venice (VCE),2019-11-11,21:42,21:50,-,-,Barcelona (BCN),2019-11-11,23:33,23:45,1-T1,-
https://www.barcelona-airport.com/eng/flight-arrival/QR3693,QR3693,Qatar Airways,En Route - On-time,Airbus A320,Venice (VCE),2019-11-11,21:42,21:50,-,-,Barcelona (BCN),2019-11-11,23:33,23:45,1-T1,-
https://www.barcelona-airport.com/eng/flight-arrival/FR6328,FR6328,Ryanair,En Route - Delayed,Boeing 737-800 (winglets) Passenger/BBJ2,Athens (ATH),2019-11-11,22:00,21:35,-,A41,Barcelona (BCN),2019-11-11,00:24,23:50,2-T2,-
https://www.barcelona-airport.com/eng/flight-arrival/VY7333,VY7333,Vueling,En Route - On-time,Airbus A320neo,Marrakech (RAK),2019-11-11,21:12,21:25,1,-,Barcelona (BCN),2019-11-11,23:50,23:50,1-T1,-
https://www.barcelona-airport.com/eng/flight-arrival/IB5662,IB5662,Iberia,En Route - On-time,Airbus A320neo,Marrakech (RAK),2019-11-11,21:12,21:25,1,-,Barcelona (BCN),2019-11-11,23:50,23:50,1-T1,-
https://www.barcelona-airport.com/eng/flight-arrival/VY8463,VY8463,Vueling,En Route - On-time,Airbus A321 (sharklets),Lisbon (LIS),2019-11-11,21:00,21:00,1,-,Barcelona (BCN),2019-11-11,23:47,23:55,1-T1,-
https://www.barcelona-airport.com/eng/flight-arrival/BA2049,BA2049,British Airways,En Route - On-time,Airbus A321 (sharklets),Lisbon (LIS),2019-11-11,21:00,21:00,1,-,Barcelona (BCN),2019-11-11,23:47,23:55,1-T1,-
https://www.barcelona-airport.com/eng/flight-arrival/IB5780,IB5780,Iberia,En Route - On-time,Airbus A321 (sharklets),Lisbon (LIS),2019-11-11,21:00,21:00,1,-,Barcelona (BCN),2019-11-11,23:47,23:55,1-T1,-
https://www.barcelona-airport.com/eng/flight-arrival/QR3585,QR3585,Qatar Airways,En Route - On-time,Airbus A321 (sharklets),Lisbon (LIS),2019-11-11,21:00,21:00,1,-,Barcelona (BCN),2019-11-11,23:47,23:55,1-T1,-
https://www.barcelona-airport.com/eng/flight-arrival/VY8657,VY8657,Vueling,En Route - On-time,Airbus A320 (sharklets),Prague (PRG),2019-11-11,21:26,21:25,2,D4,Barcelona (BCN),2019-11-11,23:54,23:55,1-T1,-
https://www.barcelona-airport.com/eng/flight-arrival/BA8195,BA8195,British Airways,En Route - On-time,Airbus A320 (sharklets),Prague (PRG),2019-11-11,21:26,21:25,2,D4,Barcelona (BCN),2019-11-11,23:54,23:55,1-T1,-
https://www.barcelona-airport.com/eng/flight-arrival/IB5323,IB5323,Iberia,En Route - On-time,Airbus A320 (sharklets),Prague (PRG),2019-11-11,21:26,21:25,2,D4,Barcelona (BCN),2019-11-11,23:54,23:55,1-T1,-
https://www.barcelona-airport.com/eng/flight-arrival/VY8305,VY8305,Vueling,En Route - On-time,Airbus A321 (sharklets),Amsterdam (AMS),2019-11-11,21:45,21:45,3,B27,Barcelona (BCN),2019-11-11,23:51,23:59,1-T1,-
https://www.barcelona-airport.com/eng/flight-arrival/BA8115,BA8115,British Airways,En Route - On-time,Airbus A321 (sharklets),Amsterdam (AMS),2019-11-11,21:45,21:45,3,B27,Barcelona (BCN),2019-11-11,23:51,23:59,1-T1,-
https://www.barcelona-airport.com/eng/flight-arrival/IB5299,IB5299,Iberia,En Route - On-time,Airbus A321 (sharklets),Amsterdam (AMS),2019-11-11,21:45,21:45,3,B27,Barcelona (BCN),2019-11-11,23:51,23:59,1-T1,-
https://www.barcelona-airport.com/eng/flight-arrival/LA5744,LA5744,LATAM Airlines,En Route - On-time,Airbus A321 (sharklets),Amsterdam (AMS),2019-11-11,21:45,21:45,3,B27,Barcelona (BCN),2019-11-11,23:51,23:59,1-T1,-
https://www.barcelona-airport.com/eng/flight-arrival/VY1291,VY1291,Vueling,En Route - On-time,Airbus A320neo,La Coruna (LCG),2019-11-11,22:23,22:20,1,4,Barcelona (BCN),2019-11-11,23:55,23:59,1-T1,-
https://www.barcelona-airport.com/eng/flight-arrival/IB5019,IB5019,Iberia,En Route - On-time,Airbus A320neo,La Coruna (LCG),2019-11-11,22:23,22:20,1,4,Barcelona (BCN),2019-11-11,23:55,23:59,1-T1,-
https://www.barcelona-airport.com/eng/flight-arrival/QR3513,QR3513,Qatar Airways,En Route - On-time,Airbus A320neo,La Coruna (LCG),2019-11-11,22:23,22:20,1,4,Barcelona (BCN),2019-11-11,23:55,23:59,1-T1,-
https://www.barcelona-airport.com/eng/flight-arrival/VY7821,VY7821,Vueling,En Route - On-time,Airbus A320 (sharklets),London (LGW),2019-11-11,20:55,20:55,S,13,Barcelona (BCN),2019-11-11,00:00,23:59,1-T1,-
https://www.barcelona-airport.com/eng/flight-arrival/BA8067,BA8067,British Airways,En Route - On-time,Airbus A320 (sharklets),London (LGW),2019-11-11,20:55,20:55,S,13,Barcelona (BCN),2019-11-11,00:00,23:59,1-T1,-
https://www.barcelona-airport.com/eng/flight-arrival/IB5702,IB5702,Iberia,En Route - On-time,Airbus A320 (sharklets),London (LGW),2019-11-11,20:55,20:55,S,13,Barcelona (BCN),2019-11-11,00:00,23:59,1-T1,-
https://www.barcelona-airport.com/eng/flight-arrival/LA5778,LA5778,LATAM Airlines,En Route - On-time,Airbus A320 (sharklets),London (LGW),2019-11-11,20:55,20:55,S,13,Barcelona (BCN),2019-11-11,00:00,23:59,1-T1,-
https://www.barcelona-airport.com/eng/flight-arrival/FR6371,FR6371,Ryanair,En Route - On-time,Boeing 737-800 (winglets) Passenger/BBJ2,Las Palmas (LPA),2019-11-11,19:27,19:40,-,B2,Barcelona (BCN),2019-11-11,00:01,23:59,2-T2,-
https://www.barcelona-airport.com/eng/flight-arrival/VY6503,VY6503,Vueling,En Route - On-time,Airbus A320 (sharklets),Naples (NAP),2019-11-11,21:58,22:00,-,A3,Barcelona (BCN),2019-11-11,23:56,23:59,1-T1,-
https://www.barcelona-airport.com/eng/flight-arrival/LA5789,LA5789,LATAM Airlines,En Route - On-time,Airbus A320 (sharklets),Naples (NAP),2019-11-11,21:58,22:00,-,A3,Barcelona (BCN),2019-11-11,23:56,23:59,1-T1,-
https://www.barcelona-airport.com/eng/flight-arrival/QR3695,QR3695,Qatar Airways,En Route - On-time,Airbus A320 (sharklets),Naples (NAP),2019-11-11,21:58,22:00,-,A3,Barcelona (BCN),2019-11-11,23:56,23:59,1-T1,-
